method,participant_count,noise_scale,attack,outer_seed,completed_realizations,required_realizations,seed_cell_complete,balanced_accuracy,linkage_rate
AA-GDP,2,0.0,noiseless-exact-recovery,0,1,1,True,0.8562424969987995,0.747
AA-GDP,2,0.0,noiseless-exact-recovery,1,1,1,True,0.843941427699817,0.767
AA-GDP,2,0.0,noiseless-exact-recovery,2,1,1,True,0.8375346687211094,0.74
AA-GDP,2,0.0,noiseless-exact-recovery,3,1,1,True,0.8597972972972974,0.754
AA-GDP,2,0.0,noiseless-exact-recovery,4,1,1,True,0.837037037037037,0.736
AA-GDP,5,0.0,noiseless-exact-recovery,0,1,1,True,0.8787951836032131,0.747
AA-GDP,5,0.0,noiseless-exact-recovery,1,1,1,True,0.8803604668859829,0.767
AA-GDP,5,0.0,noiseless-exact-recovery,2,1,1,True,0.8554232053948446,0.74
AA-GDP,5,0.0,noiseless-exact-recovery,3,1,1,True,0.8804650238473768,0.754
AA-GDP,5,0.0,noiseless-exact-recovery,4,1,1,True,0.8521670787289,0.736
AA-GDP,10,0.0,noiseless-exact-recovery,0,1,1,True,0.8876529546420844,0.747
AA-GDP,10,0.0,noiseless-exact-recovery,1,1,1,True,0.8766840147536884,0.767
AA-GDP,10,0.0,noiseless-exact-recovery,2,1,1,True,0.8723156599827777,0.74
AA-GDP,10,0.0,noiseless-exact-recovery,3,1,1,True,0.8764308426073132,0.754
AA-GDP,10,0.0,noiseless-exact-recovery,4,1,1,True,0.8778820478586834,0.736
AA-GDP,20,0.0,noiseless-exact-recovery,0,1,1,True,0.8882584442576112,0.747
AA-GDP,20,0.0,noiseless-exact-recovery,1,1,1,True,0.8840015201963802,0.767
AA-GDP,20,0.0,noiseless-exact-recovery,2,1,1,True,0.8837111001669968,0.74
AA-GDP,20,0.0,noiseless-exact-recovery,3,1,1,True,0.8851231718712973,0.754
AA-GDP,20,0.0,noiseless-exact-recovery,4,1,1,True,0.886710597840174,0.736
AA-GDP,50,0.0,noiseless-exact-recovery,0,1,1,True,0.8884545732883549,0.747
AA-GDP,50,0.0,noiseless-exact-recovery,1,1,1,True,0.8867318581024164,0.767
AA-GDP,50,0.0,noiseless-exact-recovery,2,1,1,True,0.8898003652117514,0.74
AA-GDP,50,0.0,noiseless-exact-recovery,3,1,1,True,0.8904300127155649,0.754
AA-GDP,50,0.0,noiseless-exact-recovery,4,1,1,True,0.8873327699428464,0.736
C-GDP,2,0.0,known-common-transform,0,1,1,True,0.8473264305722289,0.747
C-GDP,2,0.0,known-common-transform,1,1,1,True,0.8611348383160464,0.767
C-GDP,2,0.0,known-common-transform,2,1,1,True,0.8375346687211094,0.74
C-GDP,2,0.0,known-common-transform,3,1,1,True,0.8597972972972974,0.754
C-GDP,2,0.0,known-common-transform,4,1,1,True,0.8324074074074074,0.736
C-GDP,5,0.0,known-common-transform,0,1,1,True,0.8786338135917379,0.747
C-GDP,5,0.0,known-common-transform,1,1,1,True,0.8848014251651701,0.767
C-GDP,5,0.0,known-common-transform,2,1,1,True,0.8584050230037185,0.74
C-GDP,5,0.0,known-common-transform,3,1,1,True,0.871164546899841,0.754
C-GDP,5,0.0,known-common-transform,4,1,1,True,0.8523773884469862,0.736
C-GDP,10,0.0,known-common-transform,0,1,1,True,0.8944952758187037,0.747
C-GDP,10,0.0,known-common-transform,1,1,1,True,0.8853072643160791,0.767
C-GDP,10,0.0,known-common-transform,2,1,1,True,0.8696941813261163,0.74
C-GDP,10,0.0,known-common-transform,3,1,1,True,0.8790143084260731,0.754
C-GDP,10,0.0,known-common-transform,4,1,1,True,0.8737340122135233,0.736
C-GDP,20,0.0,known-common-transform,0,1,1,True,0.887674783959226,0.747
C-GDP,20,0.0,known-common-transform,1,1,1,True,0.8824838265486695,0.767
C-GDP,20,0.0,known-common-transform,2,1,1,True,0.881693585125644,0.74
C-GDP,20,0.0,known-common-transform,3,1,1,True,0.889039250958434,0.754
C-GDP,20,0.0,known-common-transform,4,1,1,True,0.8852072215384206,0.736
C-GDP,50,0.0,known-common-transform,0,1,1,True,0.886694308694703,0.747
C-GDP,50,0.0,known-common-transform,1,1,1,True,0.8867894316625281,0.767
C-GDP,50,0.0,known-common-transform,2,1,1,True,0.889058582402283,0.74
C-GDP,50,0.0,known-common-transform,3,1,1,True,0.8908295712288936,0.754
C-GDP,50,0.0,known-common-transform,4,1,1,True,0.8848615912445359,0.736
C-GDP-private-noise,10,0.3,known-common-transform,0,4,4,True,0.8700530269311689,0.60275
C-GDP-private-noise,10,0.3,known-common-transform,1,4,4,True,0.8586013690922731,0.5874999999999999
C-GDP-private-noise,10,0.3,known-common-transform,2,4,4,True,0.8522117726657645,0.5850000000000001
C-GDP-private-noise,10,0.3,known-common-transform,3,4,4,True,0.8627682829888712,0.6085
C-GDP-private-noise,10,0.3,known-common-transform,4,4,4,True,0.8577416585032508,0.575
C-GDP-private-noise,10,0.6,known-common-transform,0,4,4,True,0.8359876048117048,0.40875000000000006
C-GDP-private-noise,10,0.6,known-common-transform,1,4,4,True,0.8212551184671169,0.391
C-GDP-private-noise,10,0.6,known-common-transform,2,4,4,True,0.822093000369049,0.4115
C-GDP-private-noise,10,0.6,known-common-transform,3,4,4,True,0.8210328895071543,0.4215
C-GDP-private-noise,10,0.6,known-common-transform,4,4,4,True,0.8281187046239167,0.39725
C-GDP-private-noise,10,0.9,known-common-transform,0,4,4,True,0.803738682426882,0.27775000000000005
C-GDP-private-noise,10,0.9,known-common-transform,1,4,4,True,0.7825901787946987,0.2855
C-GDP-private-noise,10,0.9,known-common-transform,2,4,4,True,0.7930404723828269,0.28275
C-GDP-private-noise,10,0.9,known-common-transform,3,4,4,True,0.7879918521462639,0.3075
C-GDP-private-noise,10,0.9,known-common-transform,4,4,4,True,0.787708685545224,0.268
C-GDP-private-noise,10,1.2,known-common-transform,0,4,4,True,0.7729969650533057,0.20750000000000002
C-GDP-private-noise,10,1.2,known-common-transform,1,4,4,True,0.7550813484621155,0.18475000000000003
C-GDP-private-noise,10,1.2,known-common-transform,2,4,4,True,0.7573122770328454,0.227
C-GDP-private-noise,10,1.2,known-common-transform,3,4,4,True,0.7663255166931637,0.23650000000000002
C-GDP-private-noise,10,1.2,known-common-transform,4,4,4,True,0.7639907944320238,0.2415
C-GDP-private-noise,10,1.5,known-common-transform,0,4,4,True,0.7431599191875742,0.18774999999999997
C-GDP-private-noise,10,1.5,known-common-transform,1,4,4,True,0.731479744936234,0.18
C-GDP-private-noise,10,1.5,known-common-transform,2,4,4,True,0.7284754582359454,0.1825
C-GDP-private-noise,10,1.5,known-common-transform,3,4,4,True,0.7347650039745628,0.19049999999999997
C-GDP-private-noise,10,1.5,known-common-transform,4,4,4,True,0.7376618035092153,0.1765
C-GDP-private-noise,10,1.8,known-common-transform,0,4,4,True,0.7195164223673979,0.169
C-GDP-private-noise,10,1.8,known-common-transform,1,4,4,True,0.706402186484121,0.16275
C-GDP-private-noise,10,1.8,known-common-transform,2,4,4,True,0.7089832082666995,0.17475000000000002
C-GDP-private-noise,10,1.8,known-common-transform,3,4,4,True,0.7076410969793323,0.16975
C-GDP-private-noise,10,1.8,known-common-transform,4,4,4,True,0.7152602631911582,0.17099999999999999
C-GDP-private-noise,10,2.1,known-common-transform,0,4,4,True,0.7127893554820717,0.1755
C-GDP-private-noise,10,2.1,known-common-transform,1,4,4,True,0.6876387065516378,0.13075
C-GDP-private-noise,10,2.1,known-common-transform,2,4,4,True,0.6878648050190675,0.149
C-GDP-private-noise,10,2.1,known-common-transform,3,4,4,True,0.6882005166931637,0.15625
C-GDP-private-noise,10,2.1,known-common-transform,4,4,4,True,0.6875204908319574,0.163
C-GDP-private-noise,10,2.4,known-common-transform,0,4,4,True,0.6867658451002241,0.14925
C-GDP-private-noise,10,2.4,known-common-transform,1,4,4,True,0.6719052810077519,0.11975000000000001
C-GDP-private-noise,10,2.4,known-common-transform,2,4,4,True,0.6791983638823964,0.1605
C-GDP-private-noise,10,2.4,known-common-transform,3,4,4,True,0.6774865858505564,0.15175
C-GDP-private-noise,10,2.4,known-common-transform,4,4,4,True,0.6652732489473143,0.138
C-GDP-private-noise,10,2.7,known-common-transform,0,4,4,True,0.6717183767615486,0.1145
C-GDP-private-noise,10,2.7,known-common-transform,1,4,4,True,0.6588180248187047,0.13974999999999999
C-GDP-private-noise,10,2.7,known-common-transform,2,4,4,True,0.658063168901464,0.13375
C-GDP-private-noise,10,2.7,known-common-transform,3,4,4,True,0.6537112480127187,0.13225
C-GDP-private-noise,10,2.7,known-common-transform,4,4,4,True,0.6593079480727756,0.124
C-GDP-private-noise,10,3.0,known-common-transform,0,4,4,True,0.655970607915356,0.12525
C-GDP-private-noise,10,3.0,known-common-transform,1,4,4,True,0.6427495545761441,0.11249999999999999
C-GDP-private-noise,10,3.0,known-common-transform,2,4,4,True,0.6485991511871079,0.13
C-GDP-private-noise,10,3.0,known-common-transform,3,4,4,True,0.6463856319554848,0.1325
C-GDP-private-noise,10,3.0,known-common-transform,4,4,4,True,0.6494366749354168,0.13175
NAA-GDP,2,0.006,AM,0,4,4,True,0.850905987394958,0.576
NAA-GDP,2,0.006,AM,1,4,4,True,0.845303538743136,0.5377500000000001
NAA-GDP,2,0.006,AM,2,4,4,True,0.8389907550077041,0.55925
NAA-GDP,2,0.006,AM,3,4,4,True,0.855462539745628,0.5640000000000001
NAA-GDP,2,0.006,AM,4,4,4,True,0.8376388888888889,0.583
NAA-GDP,2,0.006,MP,0,4,4,True,0.850905987394958,0.5902499999999999
NAA-GDP,2,0.006,MP,1,4,4,True,0.845303538743136,0.5347500000000001
NAA-GDP,2,0.006,MP,2,4,4,True,0.8389907550077041,0.5445
NAA-GDP,2,0.006,MP,3,4,4,True,0.855462539745628,0.56525
NAA-GDP,2,0.006,MP,4,4,4,True,0.8376388888888889,0.6025
NAA-GDP,2,0.006,OP,0,4,4,True,0.850905987394958,0.65575
NAA-GDP,2,0.006,OP,1,4,4,True,0.845303538743136,0.6214999999999999
NAA-GDP,2,0.006,OP,2,4,4,True,0.8389907550077041,0.6365000000000001
NAA-GDP,2,0.006,OP,3,4,4,True,0.855462539745628,0.627
NAA-GDP,2,0.006,OP,4,4,4,True,0.8376388888888889,0.644
NAA-GDP,2,0.012,AM,0,4,4,True,0.846529236694678,0.35324999999999995
NAA-GDP,2,0.012,AM,1,4,4,True,0.8405826723611958,0.332
NAA-GDP,2,0.012,AM,2,4,4,True,0.8369337442218797,0.352
NAA-GDP,2,0.012,AM,3,4,4,True,0.8505688593004769,0.376
NAA-GDP,2,0.012,AM,4,4,4,True,0.8345833333333333,0.33499999999999996
NAA-GDP,2,0.012,MP,0,4,4,True,0.846529236694678,0.39274999999999993
NAA-GDP,2,0.012,MP,1,4,4,True,0.8405826723611958,0.35724999999999996
NAA-GDP,2,0.012,MP,2,4,4,True,0.8369337442218797,0.3695
NAA-GDP,2,0.012,MP,3,4,4,True,0.8505688593004769,0.39275
NAA-GDP,2,0.012,MP,4,4,4,True,0.8345833333333333,0.35775
NAA-GDP,2,0.012,OP,0,4,4,True,0.846529236694678,0.50375
NAA-GDP,2,0.012,OP,1,4,4,True,0.8405826723611958,0.4635
NAA-GDP,2,0.012,OP,2,4,4,True,0.8369337442218797,0.48449999999999993
NAA-GDP,2,0.012,OP,3,4,4,True,0.8505688593004769,0.46599999999999997
NAA-GDP,2,0.012,OP,4,4,4,True,0.8345833333333333,0.4675
NAA-GDP,2,0.018,AM,0,4,4,True,0.8449879951980791,0.23
NAA-GDP,2,0.018,AM,1,4,4,True,0.8406848688224527,0.2195
NAA-GDP,2,0.018,AM,2,4,4,True,0.8447611710323575,0.256
NAA-GDP,2,0.018,AM,3,4,4,True,0.8432283386327505,0.25925
NAA-GDP,2,0.018,AM,4,4,4,True,0.8372685185185186,0.2125
NAA-GDP,2,0.018,MP,0,4,4,True,0.8449879951980791,0.27525
NAA-GDP,2,0.018,MP,1,4,4,True,0.8406848688224527,0.23075
NAA-GDP,2,0.018,MP,2,4,4,True,0.8447611710323575,0.24075
NAA-GDP,2,0.018,MP,3,4,4,True,0.8432283386327505,0.27549999999999997
NAA-GDP,2,0.018,MP,4,4,4,True,0.8372685185185186,0.24225
NAA-GDP,2,0.018,OP,0,4,4,True,0.8449879951980791,0.36575
NAA-GDP,2,0.018,OP,1,4,4,True,0.8406848688224527,0.32775
NAA-GDP,2,0.018,OP,2,4,4,True,0.8447611710323575,0.31525
NAA-GDP,2,0.018,OP,3,4,4,True,0.8432283386327505,0.36025
NAA-GDP,2,0.018,OP,4,4,4,True,0.8372685185185186,0.32625000000000004
NAA-GDP,2,0.024,AM,0,4,4,True,0.8345088035214085,0.19224999999999998
NAA-GDP,2,0.024,AM,1,4,4,True,0.8306513117754729,0.16999999999999998
NAA-GDP,2,0.024,AM,2,4,4,True,0.8325885978428351,0.1765
NAA-GDP,2,0.024,AM,3,4,4,True,0.8470414348171701,0.2015
NAA-GDP,2,0.024,AM,4,4,4,True,0.8318981481481482,0.1955
NAA-GDP,2,0.024,MP,0,4,4,True,0.8345088035214085,0.22525
NAA-GDP,2,0.024,MP,1,4,4,True,0.8306513117754729,0.193
NAA-GDP,2,0.024,MP,2,4,4,True,0.8325885978428351,0.2175
NAA-GDP,2,0.024,MP,3,4,4,True,0.8470414348171701,0.21649999999999997
NAA-GDP,2,0.024,MP,4,4,4,True,0.8318981481481482,0.19849999999999998
NAA-GDP,2,0.024,OP,0,4,4,True,0.8345088035214085,0.30625
NAA-GDP,2,0.024,OP,1,4,4,True,0.8306513117754729,0.24675
NAA-GDP,2,0.024,OP,2,4,4,True,0.8325885978428351,0.265
NAA-GDP,2,0.024,OP,3,4,4,True,0.8470414348171701,0.27025
NAA-GDP,2,0.024,OP,4,4,4,True,0.8318981481481482,0.261
NAA-GDP,2,0.03,AM,0,4,4,True,0.8267775860344138,0.14
NAA-GDP,2,0.03,AM,1,4,4,True,0.8379942037827943,0.13375
NAA-GDP,2,0.03,AM,2,4,4,True,0.8374653312788906,0.1195
NAA-GDP,2,0.03,AM,3,4,4,True,0.8349935413354531,0.1205
NAA-GDP,2,0.03,AM,4,4,4,True,0.8252777777777777,0.136
NAA-GDP,2,0.03,MP,0,4,4,True,0.8267775860344138,0.14575
NAA-GDP,2,0.03,MP,1,4,4,True,0.8379942037827943,0.146
NAA-GDP,2,0.03,MP,2,4,4,True,0.8374653312788906,0.17075
NAA-GDP,2,0.03,MP,3,4,4,True,0.8349935413354531,0.17325000000000002
NAA-GDP,2,0.03,MP,4,4,4,True,0.8252777777777777,0.17975000000000002
NAA-GDP,2,0.03,OP,0,4,4,True,0.8267775860344138,0.237
NAA-GDP,2,0.03,OP,1,4,4,True,0.8379942037827943,0.22025
NAA-GDP,2,0.03,OP,2,4,4,True,0.8374653312788906,0.22899999999999998
NAA-GDP,2,0.03,OP,3,4,4,True,0.8349935413354531,0.22725
NAA-GDP,2,0.03,OP,4,4,4,True,0.8252777777777777,0.21200000000000002
NAA-GDP,2,0.036,AM,0,4,4,True,0.844703506402561,0.11025
NAA-GDP,2,0.036,AM,1,4,4,True,0.8408953630262355,0.1235
NAA-GDP,2,0.036,AM,2,4,4,True,0.8319029275808937,0.11725
NAA-GDP,2,0.036,AM,3,4,4,True,0.8341737877583466,0.12825
NAA-GDP,2,0.036,AM,4,4,4,True,0.8255092592592592,0.11925
NAA-GDP,2,0.036,MP,0,4,4,True,0.844703506402561,0.11825
NAA-GDP,2,0.036,MP,1,4,4,True,0.8408953630262355,0.15250000000000002
NAA-GDP,2,0.036,MP,2,4,4,True,0.8319029275808937,0.13075
NAA-GDP,2,0.036,MP,3,4,4,True,0.8341737877583466,0.1345
NAA-GDP,2,0.036,MP,4,4,4,True,0.8255092592592592,0.14225
NAA-GDP,2,0.036,OP,0,4,4,True,0.844703506402561,0.19675000000000004
NAA-GDP,2,0.036,OP,1,4,4,True,0.8408953630262355,0.1765
NAA-GDP,2,0.036,OP,2,4,4,True,0.8319029275808937,0.1865
NAA-GDP,2,0.036,OP,3,4,4,True,0.8341737877583466,0.189
NAA-GDP,2,0.036,OP,4,4,4,True,0.8255092592592592,0.1935
NAA-GDP,2,0.042,AM,0,4,4,True,0.8315795068027212,0.11675
NAA-GDP,2,0.042,AM,1,4,4,True,0.8355475899938988,0.12575
NAA-GDP,2,0.042,AM,2,4,4,True,0.8248767334360554,0.115
NAA-GDP,2,0.042,AM,3,4,4,True,0.8221507352941175,0.0975
NAA-GDP,2,0.042,AM,4,4,4,True,0.8024537037037038,0.11274999999999999
NAA-GDP,2,0.042,MP,0,4,4,True,0.8315795068027212,0.10399999999999998
NAA-GDP,2,0.042,MP,1,4,4,True,0.8355475899938988,0.119
NAA-GDP,2,0.042,MP,2,4,4,True,0.8248767334360554,0.10825
NAA-GDP,2,0.042,MP,3,4,4,True,0.8221507352941175,0.11575
NAA-GDP,2,0.042,MP,4,4,4,True,0.8024537037037038,0.12
NAA-GDP,2,0.042,OP,0,4,4,True,0.8315795068027212,0.18100000000000002
NAA-GDP,2,0.042,OP,1,4,4,True,0.8355475899938988,0.158
NAA-GDP,2,0.042,OP,2,4,4,True,0.8248767334360554,0.179
NAA-GDP,2,0.042,OP,3,4,4,True,0.8221507352941175,0.18425
NAA-GDP,2,0.042,OP,4,4,4,True,0.8024537037037038,0.1685
NAA-GDP,2,0.048,AM,0,4,4,True,0.8272934173669467,0.11249999999999999
NAA-GDP,2,0.048,AM,1,4,4,True,0.8246034167175107,0.12825
NAA-GDP,2,0.048,AM,2,4,4,True,0.8135747303543914,0.10675000000000001
NAA-GDP,2,0.048,AM,3,4,4,True,0.8251689189189189,0.10725000000000001
NAA-GDP,2,0.048,AM,4,4,4,True,0.8305092592592592,0.1055
NAA-GDP,2,0.048,MP,0,4,4,True,0.8272934173669467,0.10275000000000001
NAA-GDP,2,0.048,MP,1,4,4,True,0.8246034167175107,0.10550000000000001
NAA-GDP,2,0.048,MP,2,4,4,True,0.8135747303543914,0.09525
NAA-GDP,2,0.048,MP,3,4,4,True,0.8251689189189189,0.11574999999999999
NAA-GDP,2,0.048,MP,4,4,4,True,0.8305092592592592,0.09825
NAA-GDP,2,0.048,OP,0,4,4,True,0.8272934173669467,0.12375
NAA-GDP,2,0.048,OP,1,4,4,True,0.8246034167175107,0.13624999999999998
NAA-GDP,2,0.048,OP,2,4,4,True,0.8135747303543914,0.14175000000000001
NAA-GDP,2,0.048,OP,3,4,4,True,0.8251689189189189,0.14675
NAA-GDP,2,0.048,OP,4,4,4,True,0.8305092592592592,0.15025
NAA-GDP,2,0.054,AM,0,4,4,True,0.8252363445378151,0.0925
NAA-GDP,2,0.054,AM,1,4,4,True,0.8199923733984136,0.09925
NAA-GDP,2,0.054,AM,2,4,4,True,0.8367411402157166,0.11024999999999999
NAA-GDP,2,0.054,AM,3,4,4,True,0.8237529809220986,0.093
NAA-GDP,2,0.054,AM,4,4,4,True,0.8266666666666667,0.10925
NAA-GDP,2,0.054,MP,0,4,4,True,0.8252363445378151,0.0995
NAA-GDP,2,0.054,MP,1,4,4,True,0.8199923733984136,0.09575
NAA-GDP,2,0.054,MP,2,4,4,True,0.8367411402157166,0.1055
NAA-GDP,2,0.054,MP,3,4,4,True,0.8237529809220986,0.10125
NAA-GDP,2,0.054,MP,4,4,4,True,0.8266666666666667,0.09749999999999999
NAA-GDP,2,0.054,OP,0,4,4,True,0.8252363445378151,0.1305
NAA-GDP,2,0.054,OP,1,4,4,True,0.8199923733984136,0.14700000000000002
NAA-GDP,2,0.054,OP,2,4,4,True,0.8367411402157166,0.131
NAA-GDP,2,0.054,OP,3,4,4,True,0.8237529809220986,0.12825
NAA-GDP,2,0.054,OP,4,4,4,True,0.8266666666666667,0.13375
NAA-GDP,2,0.06,AM,0,4,4,True,0.8255239595838335,0.104
NAA-GDP,2,0.06,AM,1,4,4,True,0.8336577181208054,0.11925
NAA-GDP,2,0.06,AM,2,4,4,True,0.8258474576271186,0.09475
NAA-GDP,2,0.06,AM,3,4,4,True,0.8308575119236885,0.08349999999999999
NAA-GDP,2,0.06,AM,4,4,4,True,0.8275462962962963,0.09125000000000001
NAA-GDP,2,0.06,MP,0,4,4,True,0.8255239595838335,0.09025
NAA-GDP,2,0.06,MP,1,4,4,True,0.8336577181208054,0.08199999999999999
NAA-GDP,2,0.06,MP,2,4,4,True,0.8258474576271186,0.08875
NAA-GDP,2,0.06,MP,3,4,4,True,0.8308575119236885,0.11099999999999999
NAA-GDP,2,0.06,MP,4,4,4,True,0.8275462962962963,0.09575
NAA-GDP,2,0.06,OP,0,4,4,True,0.8255239595838335,0.13375
NAA-GDP,2,0.06,OP,1,4,4,True,0.8336577181208054,0.118
NAA-GDP,2,0.06,OP,2,4,4,True,0.8258474576271186,0.108
NAA-GDP,2,0.06,OP,3,4,4,True,0.8308575119236885,0.12675
NAA-GDP,2,0.06,OP,4,4,4,True,0.8275462962962963,0.14500000000000002
NAA-GDP,5,0.006,AM,0,4,4,True,0.876303411481576,0.5774999999999999
NAA-GDP,5,0.006,AM,1,4,4,True,0.8617500517071153,0.54025
NAA-GDP,5,0.006,AM,2,4,4,True,0.8528150997352997,0.55775
NAA-GDP,5,0.006,AM,3,4,4,True,0.8801619634340222,0.5665
NAA-GDP,5,0.006,AM,4,4,4,True,0.8420482685487247,0.58075
NAA-GDP,5,0.006,MP,0,4,4,True,0.876303411481576,0.5902499999999999
NAA-GDP,5,0.006,MP,1,4,4,True,0.8617500517071153,0.5347500000000001
NAA-GDP,5,0.006,MP,2,4,4,True,0.8528150997352997,0.5445
NAA-GDP,5,0.006,MP,3,4,4,True,0.8801619634340222,0.56525
NAA-GDP,5,0.006,MP,4,4,4,True,0.8420482685487247,0.6025
NAA-GDP,5,0.006,OP,0,4,4,True,0.876303411481576,0.65575
NAA-GDP,5,0.006,OP,1,4,4,True,0.8617500517071153,0.6214999999999999
NAA-GDP,5,0.006,OP,2,4,4,True,0.8528150997352997,0.6365000000000001
NAA-GDP,5,0.006,OP,3,4,4,True,0.8801619634340222,0.627
NAA-GDP,5,0.006,OP,4,4,4,True,0.8420482685487247,0.644
NAA-GDP,5,0.012,AM,0,4,4,True,0.8685950051000894,0.35750000000000004
NAA-GDP,5,0.012,AM,1,4,4,True,0.8555564173408103,0.34400000000000003
NAA-GDP,5,0.012,AM,2,4,4,True,0.8505890763849498,0.37424999999999997
NAA-GDP,5,0.012,AM,3,4,4,True,0.8749056041335453,0.3805
NAA-GDP,5,0.012,AM,4,4,4,True,0.8421697150056476,0.33825
NAA-GDP,5,0.012,MP,0,4,4,True,0.8685950051000894,0.39274999999999993
NAA-GDP,5,0.012,MP,1,4,4,True,0.8555564173408103,0.35724999999999996
NAA-GDP,5,0.012,MP,2,4,4,True,0.8505890763849498,0.3695
NAA-GDP,5,0.012,MP,3,4,4,True,0.8749056041335453,0.39275
NAA-GDP,5,0.012,MP,4,4,4,True,0.8421697150056476,0.35775
NAA-GDP,5,0.012,OP,0,4,4,True,0.8685950051000894,0.50375
NAA-GDP,5,0.012,OP,1,4,4,True,0.8555564173408103,0.4635
NAA-GDP,5,0.012,OP,2,4,4,True,0.8505890763849498,0.48449999999999993
NAA-GDP,5,0.012,OP,3,4,4,True,0.8749056041335453,0.46599999999999997
NAA-GDP,5,0.012,OP,4,4,4,True,0.8421697150056476,0.4675
NAA-GDP,5,0.018,AM,0,4,4,True,0.8618906787900038,0.24575
NAA-GDP,5,0.018,AM,1,4,4,True,0.8534244744410754,0.23199999999999998
NAA-GDP,5,0.018,AM,2,4,4,True,0.8496771995336232,0.24775
NAA-GDP,5,0.018,AM,3,4,4,True,0.870518680445151,0.25975000000000004
NAA-GDP,5,0.018,AM,4,4,4,True,0.832171117070435,0.24975
NAA-GDP,5,0.018,MP,0,4,4,True,0.8618906787900038,0.27525
NAA-GDP,5,0.018,MP,1,4,4,True,0.8534244744410754,0.23075
NAA-GDP,5,0.018,MP,2,4,4,True,0.8496771995336232,0.24075
NAA-GDP,5,0.018,MP,3,4,4,True,0.870518680445151,0.27549999999999997
NAA-GDP,5,0.018,MP,4,4,4,True,0.832171117070435,0.24225
NAA-GDP,5,0.018,OP,0,4,4,True,0.8618906787900038,0.36575
NAA-GDP,5,0.018,OP,1,4,4,True,0.8534244744410754,0.32775
NAA-GDP,5,0.018,OP,2,4,4,True,0.8496771995336232,0.31525
NAA-GDP,5,0.018,OP,3,4,4,True,0.870518680445151,0.36025
NAA-GDP,5,0.018,OP,4,4,4,True,0.832171117070435,0.32625000000000004
NAA-GDP,5,0.024,AM,0,4,4,True,0.8563418414509755,0.19824999999999998
NAA-GDP,5,0.024,AM,1,4,4,True,0.8457106021049674,0.17500000000000002
NAA-GDP,5,0.024,AM,2,4,4,True,0.8371093503812944,0.1805
NAA-GDP,5,0.024,AM,3,4,4,True,0.8621870031796501,0.21075
NAA-GDP,5,0.024,AM,4,4,4,True,0.8280646470351267,0.1945
NAA-GDP,5,0.024,MP,0,4,4,True,0.8563418414509755,0.22525
NAA-GDP,5,0.024,MP,1,4,4,True,0.8457106021049674,0.193
NAA-GDP,5,0.024,MP,2,4,4,True,0.8371093503812944,0.2175
NAA-GDP,5,0.024,MP,3,4,4,True,0.8621870031796501,0.21649999999999997
NAA-GDP,5,0.024,MP,4,4,4,True,0.8280646470351267,0.19849999999999998
NAA-GDP,5,0.024,OP,0,4,4,True,0.8563418414509755,0.30625
NAA-GDP,5,0.024,OP,1,4,4,True,0.8457106021049674,0.24675
NAA-GDP,5,0.024,OP,2,4,4,True,0.8371093503812944,0.265
NAA-GDP,5,0.024,OP,3,4,4,True,0.8621870031796501,0.27025
NAA-GDP,5,0.024,OP,4,4,4,True,0.8280646470351267,0.261
NAA-GDP,5,0.03,AM,0,4,4,True,0.8548337291215096,0.13425
NAA-GDP,5,0.03,AM,1,4,4,True,0.8445274359904936,0.128
NAA-GDP,5,0.03,AM,2,4,4,True,0.8405776336106383,0.15125
NAA-GDP,5,0.03,AM,3,4,4,True,0.8590421303656598,0.14525
NAA-GDP,5,0.03,AM,4,4,4,True,0.8227590166588994,0.15000000000000002
NAA-GDP,5,0.03,MP,0,4,4,True,0.8548337291215096,0.14575
NAA-GDP,5,0.03,MP,1,4,4,True,0.8445274359904936,0.146
NAA-GDP,5,0.03,MP,2,4,4,True,0.8405776336106383,0.17075
NAA-GDP,5,0.03,MP,3,4,4,True,0.8590421303656598,0.17325000000000002
NAA-GDP,5,0.03,MP,4,4,4,True,0.8227590166588994,0.17975000000000002
NAA-GDP,5,0.03,OP,0,4,4,True,0.8548337291215096,0.237
NAA-GDP,5,0.03,OP,1,4,4,True,0.8445274359904936,0.22025
NAA-GDP,5,0.03,OP,2,4,4,True,0.8405776336106383,0.22899999999999998
NAA-GDP,5,0.03,OP,3,4,4,True,0.8590421303656598,0.22725
NAA-GDP,5,0.03,OP,4,4,4,True,0.8227590166588994,0.21200000000000002
NAA-GDP,5,0.036,AM,0,4,4,True,0.8453009451102895,0.1365
NAA-GDP,5,0.036,AM,1,4,4,True,0.8349713757214605,0.1405
NAA-GDP,5,0.036,AM,2,4,4,True,0.8268487663074305,0.11624999999999999
NAA-GDP,5,0.036,AM,3,4,4,True,0.8436108903020668,0.1485
NAA-GDP,5,0.036,AM,4,4,4,True,0.8123585593093152,0.12
NAA-GDP,5,0.036,MP,0,4,4,True,0.8453009451102895,0.11825
NAA-GDP,5,0.036,MP,1,4,4,True,0.8349713757214605,0.15250000000000002
NAA-GDP,5,0.036,MP,2,4,4,True,0.8268487663074305,0.13075
NAA-GDP,5,0.036,MP,3,4,4,True,0.8436108903020668,0.1345
NAA-GDP,5,0.036,MP,4,4,4,True,0.8123585593093152,0.14225
NAA-GDP,5,0.036,OP,0,4,4,True,0.8453009451102895,0.19675000000000004
NAA-GDP,5,0.036,OP,1,4,4,True,0.8349713757214605,0.1765
NAA-GDP,5,0.036,OP,2,4,4,True,0.8268487663074305,0.1865
NAA-GDP,5,0.036,OP,3,4,4,True,0.8436108903020668,0.189
NAA-GDP,5,0.036,OP,4,4,4,True,0.8123585593093152,0.1935
NAA-GDP,5,0.042,AM,0,4,4,True,0.8360809400102002,0.13225
NAA-GDP,5,0.042,AM,1,4,4,True,0.8159404743786366,0.11449999999999999
NAA-GDP,5,0.042,AM,2,4,4,True,0.8142937188819562,0.10225000000000001
NAA-GDP,5,0.042,AM,3,4,4,True,0.8413453895071542,0.13225
NAA-GDP,5,0.042,AM,4,4,4,True,0.8163749318714997,0.10725
NAA-GDP,5,0.042,MP,0,4,4,True,0.8360809400102002,0.10399999999999998
NAA-GDP,5,0.042,MP,1,4,4,True,0.8159404743786366,0.119
NAA-GDP,5,0.042,MP,2,4,4,True,0.8142937188819562,0.10825
NAA-GDP,5,0.042,MP,3,4,4,True,0.8413453895071542,0.11575
NAA-GDP,5,0.042,MP,4,4,4,True,0.8163749318714997,0.12
NAA-GDP,5,0.042,OP,0,4,4,True,0.8360809400102002,0.18100000000000002
NAA-GDP,5,0.042,OP,1,4,4,True,0.8159404743786366,0.158
NAA-GDP,5,0.042,OP,2,4,4,True,0.8142937188819562,0.179
NAA-GDP,5,0.042,OP,3,4,4,True,0.8413453895071542,0.18425
NAA-GDP,5,0.042,OP,4,4,4,True,0.8163749318714997,0.1685
NAA-GDP,5,0.048,AM,0,4,4,True,0.8325566986484764,0.10699999999999998
NAA-GDP,5,0.048,AM,1,4,4,True,0.815285842786955,0.10699999999999998
NAA-GDP,5,0.048,AM,2,4,4,True,0.8202002387029683,0.1165
NAA-GDP,5,0.048,AM,3,4,4,True,0.835045707472178,0.11175
NAA-GDP,5,0.048,AM,4,4,4,True,0.8147388604965283,0.107
NAA-GDP,5,0.048,MP,0,4,4,True,0.8325566986484764,0.10275000000000001
NAA-GDP,5,0.048,MP,1,4,4,True,0.815285842786955,0.10550000000000001
NAA-GDP,5,0.048,MP,2,4,4,True,0.8202002387029683,0.09525
NAA-GDP,5,0.048,MP,3,4,4,True,0.835045707472178,0.11574999999999999
NAA-GDP,5,0.048,MP,4,4,4,True,0.8147388604965283,0.09825
NAA-GDP,5,0.048,OP,0,4,4,True,0.8325566986484764,0.12375
NAA-GDP,5,0.048,OP,1,4,4,True,0.815285842786955,0.13624999999999998
NAA-GDP,5,0.048,OP,2,4,4,True,0.8202002387029683,0.14175000000000001
NAA-GDP,5,0.048,OP,3,4,4,True,0.835045707472178,0.14675
NAA-GDP,5,0.048,OP,4,4,4,True,0.8147388604965283,0.15025
NAA-GDP,5,0.054,AM,0,4,4,True,0.8290912278464873,0.10375000000000001
NAA-GDP,5,0.054,AM,1,4,4,True,0.8187931461730882,0.10999999999999999
NAA-GDP,5,0.054,AM,2,4,4,True,0.8196300694838343,0.11274999999999999
NAA-GDP,5,0.054,AM,3,4,4,True,0.8396015500794912,0.10725
NAA-GDP,5,0.054,AM,4,4,4,True,0.8160325614736292,0.12575
NAA-GDP,5,0.054,MP,0,4,4,True,0.8290912278464873,0.0995
NAA-GDP,5,0.054,MP,1,4,4,True,0.8187931461730882,0.09575
NAA-GDP,5,0.054,MP,2,4,4,True,0.8196300694838343,0.1055
NAA-GDP,5,0.054,MP,3,4,4,True,0.8396015500794912,0.10125
NAA-GDP,5,0.054,MP,4,4,4,True,0.8160325614736292,0.09749999999999999
NAA-GDP,5,0.054,OP,0,4,4,True,0.8290912278464873,0.1305
NAA-GDP,5,0.054,OP,1,4,4,True,0.8187931461730882,0.14700000000000002
NAA-GDP,5,0.054,OP,2,4,4,True,0.8196300694838343,0.131
NAA-GDP,5,0.054,OP,3,4,4,True,0.8396015500794912,0.12825
NAA-GDP,5,0.054,OP,4,4,4,True,0.8160325614736292,0.13375
NAA-GDP,5,0.06,AM,0,4,4,True,0.8397082788792554,0.1075
NAA-GDP,5,0.06,AM,1,4,4,True,0.8130756075098244,0.1055
NAA-GDP,5,0.06,AM,2,4,4,True,0.8164680429507783,0.11225
NAA-GDP,5,0.06,AM,3,4,4,True,0.8293173688394277,0.093
NAA-GDP,5,0.06,AM,4,4,4,True,0.8106686762928617,0.10175000000000001
NAA-GDP,5,0.06,MP,0,4,4,True,0.8397082788792554,0.09025
NAA-GDP,5,0.06,MP,1,4,4,True,0.8130756075098244,0.08199999999999999
NAA-GDP,5,0.06,MP,2,4,4,True,0.8164680429507783,0.08875
NAA-GDP,5,0.06,MP,3,4,4,True,0.8293173688394277,0.11099999999999999
NAA-GDP,5,0.06,MP,4,4,4,True,0.8106686762928617,0.09575
NAA-GDP,5,0.06,OP,0,4,4,True,0.8397082788792554,0.13375
NAA-GDP,5,0.06,OP,1,4,4,True,0.8130756075098244,0.118
NAA-GDP,5,0.06,OP,2,4,4,True,0.8164680429507783,0.108
NAA-GDP,5,0.06,OP,3,4,4,True,0.8293173688394277,0.12675
NAA-GDP,5,0.06,OP,4,4,4,True,0.8106686762928617,0.14500000000000002
NAA-GDP,10,0.006,AM,0,4,4,True,0.8853577637580765,0.5805
NAA-GDP,10,0.006,AM,1,4,4,True,0.8782029491747937,0.538
NAA-GDP,10,0.006,AM,2,4,4,True,0.8734923729856071,0.5615
NAA-GDP,10,0.006,AM,3,4,4,True,0.8768432034976152,0.5665
NAA-GDP,10,0.006,AM,4,4,4,True,0.8775592555359809,0.5760000000000001
NAA-GDP,10,0.006,MP,0,4,4,True,0.8853577637580765,0.5902499999999999
NAA-GDP,10,0.006,MP,1,4,4,True,0.8782029491747937,0.5347500000000001
NAA-GDP,10,0.006,MP,2,4,4,True,0.8734923729856071,0.5445
NAA-GDP,10,0.006,MP,3,4,4,True,0.8768432034976152,0.56525
NAA-GDP,10,0.006,MP,4,4,4,True,0.8775592555359809,0.6025
NAA-GDP,10,0.006,OP,0,4,4,True,0.8853577637580765,0.65575
NAA-GDP,10,0.006,OP,1,4,4,True,0.8782029491747937,0.6214999999999999
NAA-GDP,10,0.006,OP,2,4,4,True,0.8734923729856071,0.6365000000000001
NAA-GDP,10,0.006,OP,3,4,4,True,0.8768432034976152,0.627
NAA-GDP,10,0.006,OP,4,4,4,True,0.8775592555359809,0.644
NAA-GDP,10,0.012,AM,0,4,4,True,0.8810550198595839,0.36175
NAA-GDP,10,0.012,AM,1,4,4,True,0.8697828754063516,0.34175000000000005
NAA-GDP,10,0.012,AM,2,4,4,True,0.8650546192643622,0.3735
NAA-GDP,10,0.012,AM,3,4,4,True,0.8729878775834659,0.40225
NAA-GDP,10,0.012,AM,4,4,4,True,0.8704852278383012,0.3505
NAA-GDP,10,0.012,MP,0,4,4,True,0.8810550198595839,0.39274999999999993
NAA-GDP,10,0.012,MP,1,4,4,True,0.8697828754063516,0.35724999999999996
NAA-GDP,10,0.012,MP,2,4,4,True,0.8650546192643622,0.3695
NAA-GDP,10,0.012,MP,3,4,4,True,0.8729878775834659,0.39275
NAA-GDP,10,0.012,MP,4,4,4,True,0.8704852278383012,0.35775
NAA-GDP,10,0.012,OP,0,4,4,True,0.8810550198595839,0.50375
NAA-GDP,10,0.012,OP,1,4,4,True,0.8697828754063516,0.4635
NAA-GDP,10,0.012,OP,2,4,4,True,0.8650546192643622,0.48449999999999993
NAA-GDP,10,0.012,OP,3,4,4,True,0.8729878775834659,0.46599999999999997
NAA-GDP,10,0.012,OP,4,4,4,True,0.8704852278383012,0.4675
NAA-GDP,10,0.018,AM,0,4,4,True,0.8722015984251733,0.249
NAA-GDP,10,0.018,AM,1,4,4,True,0.8611098087021756,0.23124999999999998
NAA-GDP,10,0.018,AM,2,4,4,True,0.8625465616927052,0.25949999999999995
NAA-GDP,10,0.018,AM,3,4,4,True,0.8692219793322735,0.2675
NAA-GDP,10,0.018,AM,4,4,4,True,0.8645316536447019,0.241
NAA-GDP,10,0.018,MP,0,4,4,True,0.8722015984251733,0.27525
NAA-GDP,10,0.018,MP,1,4,4,True,0.8611098087021756,0.23075
NAA-GDP,10,0.018,MP,2,4,4,True,0.8625465616927052,0.24075
NAA-GDP,10,0.018,MP,3,4,4,True,0.8692219793322735,0.27549999999999997
NAA-GDP,10,0.018,MP,4,4,4,True,0.8645316536447019,0.24225
NAA-GDP,10,0.018,OP,0,4,4,True,0.8722015984251733,0.36575
NAA-GDP,10,0.018,OP,1,4,4,True,0.8611098087021756,0.32775
NAA-GDP,10,0.018,OP,2,4,4,True,0.8625465616927052,0.31525
NAA-GDP,10,0.018,OP,3,4,4,True,0.8692219793322735,0.36025
NAA-GDP,10,0.018,OP,4,4,4,True,0.8645316536447019,0.32625000000000004
NAA-GDP,10,0.024,AM,0,4,4,True,0.8668694694120587,0.20725
NAA-GDP,10,0.024,AM,1,4,4,True,0.8564934202300576,0.16825
NAA-GDP,10,0.024,AM,2,4,4,True,0.8509269897896421,0.19849999999999998
NAA-GDP,10,0.024,AM,3,4,4,True,0.86379173290938,0.19724999999999998
NAA-GDP,10,0.024,AM,4,4,4,True,0.8573902283913069,0.20625
NAA-GDP,10,0.024,MP,0,4,4,True,0.8668694694120587,0.22525
NAA-GDP,10,0.024,MP,1,4,4,True,0.8564934202300576,0.193
NAA-GDP,10,0.024,MP,2,4,4,True,0.8509269897896421,0.2175
NAA-GDP,10,0.024,MP,3,4,4,True,0.86379173290938,0.21649999999999997
NAA-GDP,10,0.024,MP,4,4,4,True,0.8573902283913069,0.19849999999999998
NAA-GDP,10,0.024,OP,0,4,4,True,0.8668694694120587,0.30625
NAA-GDP,10,0.024,OP,1,4,4,True,0.8564934202300576,0.24675
NAA-GDP,10,0.024,OP,2,4,4,True,0.8509269897896421,0.265
NAA-GDP,10,0.024,OP,3,4,4,True,0.86379173290938,0.27025
NAA-GDP,10,0.024,OP,4,4,4,True,0.8573902283913069,0.261
NAA-GDP,10,0.03,AM,0,4,4,True,0.859180352802596,0.15350000000000003
NAA-GDP,10,0.03,AM,1,4,4,True,0.8452122796324081,0.15025
NAA-GDP,10,0.03,AM,2,4,4,True,0.8504727518759995,0.16475
NAA-GDP,10,0.03,AM,3,4,4,True,0.8533709260731319,0.14500000000000002
NAA-GDP,10,0.03,AM,4,4,4,True,0.8529919824065223,0.15575
NAA-GDP,10,0.03,MP,0,4,4,True,0.859180352802596,0.14575
NAA-GDP,10,0.03,MP,1,4,4,True,0.8452122796324081,0.146
NAA-GDP,10,0.03,MP,2,4,4,True,0.8504727518759995,0.17075
NAA-GDP,10,0.03,MP,3,4,4,True,0.8533709260731319,0.17325000000000002
NAA-GDP,10,0.03,MP,4,4,4,True,0.8529919824065223,0.17975000000000002
NAA-GDP,10,0.03,OP,0,4,4,True,0.859180352802596,0.237
NAA-GDP,10,0.03,OP,1,4,4,True,0.8452122796324081,0.22025
NAA-GDP,10,0.03,OP,2,4,4,True,0.8504727518759995,0.22899999999999998
NAA-GDP,10,0.03,OP,3,4,4,True,0.8533709260731319,0.22725
NAA-GDP,10,0.03,OP,4,4,4,True,0.8529919824065223,0.21200000000000002
NAA-GDP,10,0.036,AM,0,4,4,True,0.851383138620792,0.15375000000000003
NAA-GDP,10,0.036,AM,1,4,4,True,0.8377289634908728,0.15000000000000002
NAA-GDP,10,0.036,AM,2,4,4,True,0.8400340755320459,0.118
NAA-GDP,10,0.036,AM,3,4,4,True,0.8470886327503975,0.1495
NAA-GDP,10,0.036,AM,4,4,4,True,0.8446035789336471,0.11775
NAA-GDP,10,0.036,MP,0,4,4,True,0.851383138620792,0.11825
NAA-GDP,10,0.036,MP,1,4,4,True,0.8377289634908728,0.15250000000000002
NAA-GDP,10,0.036,MP,2,4,4,True,0.8400340755320459,0.13075
NAA-GDP,10,0.036,MP,3,4,4,True,0.8470886327503975,0.1345
NAA-GDP,10,0.036,MP,4,4,4,True,0.8446035789336471,0.14225
NAA-GDP,10,0.036,OP,0,4,4,True,0.851383138620792,0.19675000000000004
NAA-GDP,10,0.036,OP,1,4,4,True,0.8377289634908728,0.1765
NAA-GDP,10,0.036,OP,2,4,4,True,0.8400340755320459,0.1865
NAA-GDP,10,0.036,OP,3,4,4,True,0.8470886327503975,0.189
NAA-GDP,10,0.036,OP,4,4,4,True,0.8446035789336471,0.1935
NAA-GDP,10,0.042,AM,0,4,4,True,0.8408398602610174,0.13525
NAA-GDP,10,0.042,AM,1,4,4,True,0.827284946236559,0.11575
NAA-GDP,10,0.042,AM,2,4,4,True,0.8290499446426375,0.11624999999999999
NAA-GDP,10,0.042,AM,3,4,4,True,0.8410845588235294,0.121
NAA-GDP,10,0.042,AM,4,4,4,True,0.8269931901312204,0.11674999999999999
NAA-GDP,10,0.042,MP,0,4,4,True,0.8408398602610174,0.10399999999999998
NAA-GDP,10,0.042,MP,1,4,4,True,0.827284946236559,0.119
NAA-GDP,10,0.042,MP,2,4,4,True,0.8290499446426375,0.10825
NAA-GDP,10,0.042,MP,3,4,4,True,0.8410845588235294,0.11575
NAA-GDP,10,0.042,MP,4,4,4,True,0.8269931901312204,0.12
NAA-GDP,10,0.042,OP,0,4,4,True,0.8408398602610174,0.18100000000000002
NAA-GDP,10,0.042,OP,1,4,4,True,0.827284946236559,0.158
NAA-GDP,10,0.042,OP,2,4,4,True,0.8290499446426375,0.179
NAA-GDP,10,0.042,OP,3,4,4,True,0.8410845588235294,0.18425
NAA-GDP,10,0.042,OP,4,4,4,True,0.8269931901312204,0.1685
NAA-GDP,10,0.048,AM,0,4,4,True,0.8351858655920883,0.126
NAA-GDP,10,0.048,AM,1,4,4,True,0.8193542526256565,0.12825
NAA-GDP,10,0.048,AM,2,4,4,True,0.8233144298191659,0.111
NAA-GDP,10,0.048,AM,3,4,4,True,0.8354754570747218,0.10350000000000001
NAA-GDP,10,0.048,AM,4,4,4,True,0.8341326403646676,0.1345
NAA-GDP,10,0.048,MP,0,4,4,True,0.8351858655920883,0.10275000000000001
NAA-GDP,10,0.048,MP,1,4,4,True,0.8193542526256565,0.10550000000000001
NAA-GDP,10,0.048,MP,2,4,4,True,0.8233144298191659,0.09525
NAA-GDP,10,0.048,MP,3,4,4,True,0.8354754570747218,0.11574999999999999
NAA-GDP,10,0.048,MP,4,4,4,True,0.8341326403646676,0.09825
NAA-GDP,10,0.048,OP,0,4,4,True,0.8351858655920883,0.12375
NAA-GDP,10,0.048,OP,1,4,4,True,0.8193542526256565,0.13624999999999998
NAA-GDP,10,0.048,OP,2,4,4,True,0.8233144298191659,0.14175000000000001
NAA-GDP,10,0.048,OP,3,4,4,True,0.8354754570747218,0.14675
NAA-GDP,10,0.048,OP,4,4,4,True,0.8341326403646676,0.15025
NAA-GDP,10,0.054,AM,0,4,4,True,0.832164174385966,0.0895
NAA-GDP,10,0.054,AM,1,4,4,True,0.8146606964241061,0.10525000000000001
NAA-GDP,10,0.054,AM,2,4,4,True,0.8238573625292165,0.1065
NAA-GDP,10,0.054,AM,3,4,4,True,0.8316747813990462,0.10099999999999999
NAA-GDP,10,0.054,AM,4,4,4,True,0.8247946226131885,0.11499999999999999
NAA-GDP,10,0.054,MP,0,4,4,True,0.832164174385966,0.0995
NAA-GDP,10,0.054,MP,1,4,4,True,0.8146606964241061,0.09575
NAA-GDP,10,0.054,MP,2,4,4,True,0.8238573625292165,0.1055
NAA-GDP,10,0.054,MP,3,4,4,True,0.8316747813990462,0.10125
NAA-GDP,10,0.054,MP,4,4,4,True,0.8247946226131885,0.09749999999999999
NAA-GDP,10,0.054,OP,0,4,4,True,0.832164174385966,0.1305
NAA-GDP,10,0.054,OP,1,4,4,True,0.8146606964241061,0.14700000000000002
NAA-GDP,10,0.054,OP,2,4,4,True,0.8238573625292165,0.131
NAA-GDP,10,0.054,OP,3,4,4,True,0.8316747813990462,0.12825
NAA-GDP,10,0.054,OP,4,4,4,True,0.8247946226131885,0.13375
NAA-GDP,10,0.06,AM,0,4,4,True,0.830865198780047,0.096
NAA-GDP,10,0.06,AM,1,4,4,True,0.8103549324831207,0.097
NAA-GDP,10,0.06,AM,2,4,4,True,0.819785151925206,0.10200000000000001
NAA-GDP,10,0.06,AM,3,4,4,True,0.8307059817170112,0.0985
NAA-GDP,10,0.06,AM,4,4,4,True,0.8268953032050624,0.09025
NAA-GDP,10,0.06,MP,0,4,4,True,0.830865198780047,0.09025
NAA-GDP,10,0.06,MP,1,4,4,True,0.8103549324831207,0.08199999999999999
NAA-GDP,10,0.06,MP,2,4,4,True,0.819785151925206,0.08875
NAA-GDP,10,0.06,MP,3,4,4,True,0.8307059817170112,0.11099999999999999
NAA-GDP,10,0.06,MP,4,4,4,True,0.8268953032050624,0.09575
NAA-GDP,10,0.06,OP,0,4,4,True,0.830865198780047,0.13375
NAA-GDP,10,0.06,OP,1,4,4,True,0.8103549324831207,0.118
NAA-GDP,10,0.06,OP,2,4,4,True,0.819785151925206,0.108
NAA-GDP,10,0.06,OP,3,4,4,True,0.8307059817170112,0.12675
NAA-GDP,10,0.06,OP,4,4,4,True,0.8268953032050624,0.14500000000000002
NAA-GDP,20,0.006,AM,0,4,4,True,0.8832159688661426,0.5782499999999999
NAA-GDP,20,0.006,AM,1,4,4,True,0.8786023020011973,0.543
NAA-GDP,20,0.006,AM,2,4,4,True,0.8787775247310379,0.56525
NAA-GDP,20,0.006,AM,3,4,4,True,0.881725432071534,0.56675
NAA-GDP,20,0.006,AM,4,4,4,True,0.8757829776330193,0.5762499999999999
NAA-GDP,20,0.006,MP,0,4,4,True,0.8832159688661426,0.5902499999999999
NAA-GDP,20,0.006,MP,1,4,4,True,0.8786023020011973,0.5347500000000001
NAA-GDP,20,0.006,MP,2,4,4,True,0.8787775247310379,0.5445
NAA-GDP,20,0.006,MP,3,4,4,True,0.881725432071534,0.56525
NAA-GDP,20,0.006,MP,4,4,4,True,0.8757829776330193,0.6025
NAA-GDP,20,0.006,OP,0,4,4,True,0.8832159688661426,0.65575
NAA-GDP,20,0.006,OP,1,4,4,True,0.8786023020011973,0.6214999999999999
NAA-GDP,20,0.006,OP,2,4,4,True,0.8787775247310379,0.6365000000000001
NAA-GDP,20,0.006,OP,3,4,4,True,0.881725432071534,0.627
NAA-GDP,20,0.006,OP,4,4,4,True,0.8757829776330193,0.644
NAA-GDP,20,0.012,AM,0,4,4,True,0.8747634847735761,0.36024999999999996
NAA-GDP,20,0.012,AM,1,4,4,True,0.8750770048078103,0.33949999999999997
NAA-GDP,20,0.012,AM,2,4,4,True,0.8702249805301583,0.37425
NAA-GDP,20,0.012,AM,3,4,4,True,0.8749279653080924,0.40425
NAA-GDP,20,0.012,AM,4,4,4,True,0.8751807013879941,0.34600000000000003
NAA-GDP,20,0.012,MP,0,4,4,True,0.8747634847735761,0.39274999999999993
NAA-GDP,20,0.012,MP,1,4,4,True,0.8750770048078103,0.35724999999999996
NAA-GDP,20,0.012,MP,2,4,4,True,0.8702249805301583,0.3695
NAA-GDP,20,0.012,MP,3,4,4,True,0.8749279653080924,0.39275
NAA-GDP,20,0.012,MP,4,4,4,True,0.8751807013879941,0.35775
NAA-GDP,20,0.012,OP,0,4,4,True,0.8747634847735761,0.50375
NAA-GDP,20,0.012,OP,1,4,4,True,0.8750770048078103,0.4635
NAA-GDP,20,0.012,OP,2,4,4,True,0.8702249805301583,0.48449999999999993
NAA-GDP,20,0.012,OP,3,4,4,True,0.8749279653080924,0.46599999999999997
NAA-GDP,20,0.012,OP,4,4,4,True,0.8751807013879941,0.4675
NAA-GDP,20,0.018,AM,0,4,4,True,0.8682942824803878,0.23374999999999999
NAA-GDP,20,0.018,AM,1,4,4,True,0.8699423132354143,0.2365
NAA-GDP,20,0.018,AM,2,4,4,True,0.8639403944041577,0.26875
NAA-GDP,20,0.018,AM,3,4,4,True,0.8732965347835656,0.27
NAA-GDP,20,0.018,AM,4,4,4,True,0.8650850296305842,0.23775
NAA-GDP,20,0.018,MP,0,4,4,True,0.8682942824803878,0.27525
NAA-GDP,20,0.018,MP,1,4,4,True,0.8699423132354143,0.23075
NAA-GDP,20,0.018,MP,2,4,4,True,0.8639403944041577,0.24075
NAA-GDP,20,0.018,MP,3,4,4,True,0.8732965347835656,0.27549999999999997
NAA-GDP,20,0.018,MP,4,4,4,True,0.8650850296305842,0.24225
NAA-GDP,20,0.018,OP,0,4,4,True,0.8682942824803878,0.36575
NAA-GDP,20,0.018,OP,1,4,4,True,0.8699423132354143,0.32775
NAA-GDP,20,0.018,OP,2,4,4,True,0.8639403944041577,0.31525
NAA-GDP,20,0.018,OP,3,4,4,True,0.8732965347835656,0.36025
NAA-GDP,20,0.018,OP,4,4,4,True,0.8650850296305842,0.32625000000000004
NAA-GDP,20,0.024,AM,0,4,4,True,0.8662051916468465,0.19924999999999998
NAA-GDP,20,0.024,AM,1,4,4,True,0.8567812362693072,0.17525000000000002
NAA-GDP,20,0.024,AM,2,4,4,True,0.8578493219497585,0.19924999999999998
NAA-GDP,20,0.024,AM,3,4,4,True,0.8638228550180111,0.20400000000000001
NAA-GDP,20,0.024,AM,4,4,4,True,0.8619779285103836,0.21775
NAA-GDP,20,0.024,MP,0,4,4,True,0.8662051916468465,0.22525
NAA-GDP,20,0.024,MP,1,4,4,True,0.8567812362693072,0.193
NAA-GDP,20,0.024,MP,2,4,4,True,0.8578493219497585,0.2175
NAA-GDP,20,0.024,MP,3,4,4,True,0.8638228550180111,0.21649999999999997
NAA-GDP,20,0.024,MP,4,4,4,True,0.8619779285103836,0.19849999999999998
NAA-GDP,20,0.024,OP,0,4,4,True,0.8662051916468465,0.30625
NAA-GDP,20,0.024,OP,1,4,4,True,0.8567812362693072,0.24675
NAA-GDP,20,0.024,OP,2,4,4,True,0.8578493219497585,0.265
NAA-GDP,20,0.024,OP,3,4,4,True,0.8638228550180111,0.27025
NAA-GDP,20,0.024,OP,4,4,4,True,0.8619779285103836,0.261
NAA-GDP,20,0.03,AM,0,4,4,True,0.8570253248729235,0.15975
NAA-GDP,20,0.03,AM,1,4,4,True,0.8562734715110291,0.15225
NAA-GDP,20,0.03,AM,2,4,4,True,0.8497264559545836,0.18025000000000002
NAA-GDP,20,0.03,AM,3,4,4,True,0.8570925792344353,0.15000000000000002
NAA-GDP,20,0.03,AM,4,4,4,True,0.851573157401277,0.17325000000000002
NAA-GDP,20,0.03,MP,0,4,4,True,0.8570253248729235,0.14575
NAA-GDP,20,0.03,MP,1,4,4,True,0.8562734715110291,0.146
NAA-GDP,20,0.03,MP,2,4,4,True,0.8497264559545836,0.17075
NAA-GDP,20,0.03,MP,3,4,4,True,0.8570925792344353,0.17325000000000002
NAA-GDP,20,0.03,MP,4,4,4,True,0.851573157401277,0.17975000000000002
NAA-GDP,20,0.03,OP,0,4,4,True,0.8570253248729235,0.237
NAA-GDP,20,0.03,OP,1,4,4,True,0.8562734715110291,0.22025
NAA-GDP,20,0.03,OP,2,4,4,True,0.8497264559545836,0.22899999999999998
NAA-GDP,20,0.03,OP,3,4,4,True,0.8570925792344353,0.22725
NAA-GDP,20,0.03,OP,4,4,4,True,0.851573157401277,0.21200000000000002
NAA-GDP,20,0.036,AM,0,4,4,True,0.85103293192666,0.1515
NAA-GDP,20,0.036,AM,1,4,4,True,0.8417405155897653,0.1505
NAA-GDP,20,0.036,AM,2,4,4,True,0.8416601808224243,0.124
NAA-GDP,20,0.036,AM,3,4,4,True,0.8500650050995593,0.14800000000000002
NAA-GDP,20,0.036,AM,4,4,4,True,0.8473328771363866,0.12925
NAA-GDP,20,0.036,MP,0,4,4,True,0.85103293192666,0.11825
NAA-GDP,20,0.036,MP,1,4,4,True,0.8417405155897653,0.15250000000000002
NAA-GDP,20,0.036,MP,2,4,4,True,0.8416601808224243,0.13075
NAA-GDP,20,0.036,MP,3,4,4,True,0.8500650050995593,0.1345
NAA-GDP,20,0.036,MP,4,4,4,True,0.8473328771363866,0.14225
NAA-GDP,20,0.036,OP,0,4,4,True,0.85103293192666,0.19675000000000004
NAA-GDP,20,0.036,OP,1,4,4,True,0.8417405155897653,0.1765
NAA-GDP,20,0.036,OP,2,4,4,True,0.8416601808224243,0.1865
NAA-GDP,20,0.036,OP,3,4,4,True,0.8500650050995593,0.189
NAA-GDP,20,0.036,OP,4,4,4,True,0.8473328771363866,0.1935
NAA-GDP,20,0.042,AM,0,4,4,True,0.8396792057940305,0.136
NAA-GDP,20,0.042,AM,1,4,4,True,0.836129618106208,0.1075
NAA-GDP,20,0.042,AM,2,4,4,True,0.8368394486135886,0.1175
NAA-GDP,20,0.042,AM,3,4,4,True,0.8393184847477718,0.12575
NAA-GDP,20,0.042,AM,4,4,4,True,0.8323521581226014,0.14100000000000001
NAA-GDP,20,0.042,MP,0,4,4,True,0.8396792057940305,0.10399999999999998
NAA-GDP,20,0.042,MP,1,4,4,True,0.836129618106208,0.119
NAA-GDP,20,0.042,MP,2,4,4,True,0.8368394486135886,0.10825
NAA-GDP,20,0.042,MP,3,4,4,True,0.8393184847477718,0.11575
NAA-GDP,20,0.042,MP,4,4,4,True,0.8323521581226014,0.12
NAA-GDP,20,0.042,OP,0,4,4,True,0.8396792057940305,0.18100000000000002
NAA-GDP,20,0.042,OP,1,4,4,True,0.836129618106208,0.158
NAA-GDP,20,0.042,OP,2,4,4,True,0.8368394486135886,0.179
NAA-GDP,20,0.042,OP,3,4,4,True,0.8393184847477718,0.18425
NAA-GDP,20,0.042,OP,4,4,4,True,0.8323521581226014,0.1685
NAA-GDP,20,0.048,AM,0,4,4,True,0.8345690368802645,0.124
NAA-GDP,20,0.048,AM,1,4,4,True,0.8264051134122414,0.11274999999999999
NAA-GDP,20,0.048,AM,2,4,4,True,0.8268296050653222,0.13424999999999998
NAA-GDP,20,0.048,AM,3,4,4,True,0.8316716917074158,0.10999999999999999
NAA-GDP,20,0.048,AM,4,4,4,True,0.8287795102399922,0.11024999999999999
NAA-GDP,20,0.048,MP,0,4,4,True,0.8345690368802645,0.10275000000000001
NAA-GDP,20,0.048,MP,1,4,4,True,0.8264051134122414,0.10550000000000001
NAA-GDP,20,0.048,MP,2,4,4,True,0.8268296050653222,0.09525
NAA-GDP,20,0.048,MP,3,4,4,True,0.8316716917074158,0.11574999999999999
NAA-GDP,20,0.048,MP,4,4,4,True,0.8287795102399922,0.09825
NAA-GDP,20,0.048,OP,0,4,4,True,0.8345690368802645,0.12375
NAA-GDP,20,0.048,OP,1,4,4,True,0.8264051134122414,0.13624999999999998
NAA-GDP,20,0.048,OP,2,4,4,True,0.8268296050653222,0.14175000000000001
NAA-GDP,20,0.048,OP,3,4,4,True,0.8316716917074158,0.14675
NAA-GDP,20,0.048,OP,4,4,4,True,0.8287795102399922,0.15025
NAA-GDP,20,0.054,AM,0,4,4,True,0.8252432550317452,0.107
NAA-GDP,20,0.054,AM,1,4,4,True,0.8188219405895241,0.10225000000000001
NAA-GDP,20,0.054,AM,2,4,4,True,0.8188444158081205,0.11075000000000002
NAA-GDP,20,0.054,AM,3,4,4,True,0.8244079245116172,0.11375
NAA-GDP,20,0.054,AM,4,4,4,True,0.8173234865888466,0.10275
NAA-GDP,20,0.054,MP,0,4,4,True,0.8252432550317452,0.0995
NAA-GDP,20,0.054,MP,1,4,4,True,0.8188219405895241,0.09575
NAA-GDP,20,0.054,MP,2,4,4,True,0.8188444158081205,0.1055
NAA-GDP,20,0.054,MP,3,4,4,True,0.8244079245116172,0.10125
NAA-GDP,20,0.054,MP,4,4,4,True,0.8173234865888466,0.09749999999999999
NAA-GDP,20,0.054,OP,0,4,4,True,0.8252432550317452,0.1305
NAA-GDP,20,0.054,OP,1,4,4,True,0.8188219405895241,0.14700000000000002
NAA-GDP,20,0.054,OP,2,4,4,True,0.8188444158081205,0.131
NAA-GDP,20,0.054,OP,3,4,4,True,0.8244079245116172,0.12825
NAA-GDP,20,0.054,OP,4,4,4,True,0.8173234865888466,0.13375
NAA-GDP,20,0.06,AM,0,4,4,True,0.8206064897949332,0.1045
NAA-GDP,20,0.06,AM,1,4,4,True,0.8173032244840006,0.1055
NAA-GDP,20,0.06,AM,2,4,4,True,0.8161565498369482,0.11099999999999999
NAA-GDP,20,0.06,AM,3,4,4,True,0.8180706414416079,0.11375
NAA-GDP,20,0.06,AM,4,4,4,True,0.8207091381580603,0.10725000000000001
NAA-GDP,20,0.06,MP,0,4,4,True,0.8206064897949332,0.09025
NAA-GDP,20,0.06,MP,1,4,4,True,0.8173032244840006,0.08199999999999999
NAA-GDP,20,0.06,MP,2,4,4,True,0.8161565498369482,0.08875
NAA-GDP,20,0.06,MP,3,4,4,True,0.8180706414416079,0.11099999999999999
NAA-GDP,20,0.06,MP,4,4,4,True,0.8207091381580603,0.09575
NAA-GDP,20,0.06,OP,0,4,4,True,0.8206064897949332,0.13375
NAA-GDP,20,0.06,OP,1,4,4,True,0.8173032244840006,0.118
NAA-GDP,20,0.06,OP,2,4,4,True,0.8161565498369482,0.108
NAA-GDP,20,0.06,OP,3,4,4,True,0.8180706414416079,0.12675
NAA-GDP,20,0.06,OP,4,4,4,True,0.8207091381580603,0.14500000000000002
NAA-GDP,50,0.006,AM,0,4,4,True,0.8806551962338647,0.58075
NAA-GDP,50,0.006,AM,1,4,4,True,0.8804336817534788,0.5435
NAA-GDP,50,0.006,AM,2,4,4,True,0.8812173241402146,0.564
NAA-GDP,50,0.006,AM,3,4,4,True,0.884605098316155,0.5675
NAA-GDP,50,0.006,AM,4,4,4,True,0.8821135717340268,0.57675
NAA-GDP,50,0.006,MP,0,4,4,True,0.8806551962338647,0.5902499999999999
NAA-GDP,50,0.006,MP,1,4,4,True,0.8804336817534788,0.5347500000000001
NAA-GDP,50,0.006,MP,2,4,4,True,0.8812173241402146,0.5445
NAA-GDP,50,0.006,MP,3,4,4,True,0.884605098316155,0.56525
NAA-GDP,50,0.006,MP,4,4,4,True,0.8821135717340268,0.6025
NAA-GDP,50,0.006,OP,0,4,4,True,0.8806551962338647,0.65575
NAA-GDP,50,0.006,OP,1,4,4,True,0.8804336817534788,0.6214999999999999
NAA-GDP,50,0.006,OP,2,4,4,True,0.8812173241402146,0.6365000000000001
NAA-GDP,50,0.006,OP,3,4,4,True,0.884605098316155,0.627
NAA-GDP,50,0.006,OP,4,4,4,True,0.8821135717340268,0.644
NAA-GDP,50,0.012,AM,0,4,4,True,0.8733166141625726,0.35924999999999996
NAA-GDP,50,0.012,AM,1,4,4,True,0.8747446790847806,0.34175
NAA-GDP,50,0.012,AM,2,4,4,True,0.8723144258011419,0.3725
NAA-GDP,50,0.012,AM,3,4,4,True,0.8763474878109963,0.40125
NAA-GDP,50,0.012,AM,4,4,4,True,0.8781363805971034,0.34575
NAA-GDP,50,0.012,MP,0,4,4,True,0.8733166141625726,0.39274999999999993
NAA-GDP,50,0.012,MP,1,4,4,True,0.8747446790847806,0.35724999999999996
NAA-GDP,50,0.012,MP,2,4,4,True,0.8723144258011419,0.3695
NAA-GDP,50,0.012,MP,3,4,4,True,0.8763474878109963,0.39275
NAA-GDP,50,0.012,MP,4,4,4,True,0.8781363805971034,0.35775
NAA-GDP,50,0.012,OP,0,4,4,True,0.8733166141625726,0.50375
NAA-GDP,50,0.012,OP,1,4,4,True,0.8747446790847806,0.4635
NAA-GDP,50,0.012,OP,2,4,4,True,0.8723144258011419,0.48449999999999993
NAA-GDP,50,0.012,OP,3,4,4,True,0.8763474878109963,0.46599999999999997
NAA-GDP,50,0.012,OP,4,4,4,True,0.8781363805971034,0.4675
NAA-GDP,50,0.018,AM,0,4,4,True,0.8690858276434249,0.23675
NAA-GDP,50,0.018,AM,1,4,4,True,0.8686584481508339,0.2395
NAA-GDP,50,0.018,AM,2,4,4,True,0.8693335263785024,0.25725000000000003
NAA-GDP,50,0.018,AM,3,4,4,True,0.8716532565385043,0.25875
NAA-GDP,50,0.018,AM,4,4,4,True,0.8694263756477556,0.2345
NAA-GDP,50,0.018,MP,0,4,4,True,0.8690858276434249,0.27525
NAA-GDP,50,0.018,MP,1,4,4,True,0.8686584481508339,0.23075
NAA-GDP,50,0.018,MP,2,4,4,True,0.8693335263785024,0.24075
NAA-GDP,50,0.018,MP,3,4,4,True,0.8716532565385043,0.27549999999999997
NAA-GDP,50,0.018,MP,4,4,4,True,0.8694263756477556,0.24225
NAA-GDP,50,0.018,OP,0,4,4,True,0.8690858276434249,0.36575
NAA-GDP,50,0.018,OP,1,4,4,True,0.8686584481508339,0.32775
NAA-GDP,50,0.018,OP,2,4,4,True,0.8693335263785024,0.31525
NAA-GDP,50,0.018,OP,3,4,4,True,0.8716532565385043,0.36025
NAA-GDP,50,0.018,OP,4,4,4,True,0.8694263756477556,0.32625000000000004
NAA-GDP,50,0.024,AM,0,4,4,True,0.8636668192452173,0.20275
NAA-GDP,50,0.024,AM,1,4,4,True,0.8621292206571394,0.1735
NAA-GDP,50,0.024,AM,2,4,4,True,0.8606669995262621,0.20024999999999998
NAA-GDP,50,0.024,AM,3,4,4,True,0.8660037606769599,0.20725
NAA-GDP,50,0.024,AM,4,4,4,True,0.8622639156765733,0.21875
NAA-GDP,50,0.024,MP,0,4,4,True,0.8636668192452173,0.22525
NAA-GDP,50,0.024,MP,1,4,4,True,0.8621292206571394,0.193
NAA-GDP,50,0.024,MP,2,4,4,True,0.8606669995262621,0.2175
NAA-GDP,50,0.024,MP,3,4,4,True,0.8660037606769599,0.21649999999999997
NAA-GDP,50,0.024,MP,4,4,4,True,0.8622639156765733,0.19849999999999998
NAA-GDP,50,0.024,OP,0,4,4,True,0.8636668192452173,0.30625
NAA-GDP,50,0.024,OP,1,4,4,True,0.8621292206571394,0.24675
NAA-GDP,50,0.024,OP,2,4,4,True,0.8606669995262621,0.265
NAA-GDP,50,0.024,OP,3,4,4,True,0.8660037606769599,0.27025
NAA-GDP,50,0.024,OP,4,4,4,True,0.8622639156765733,0.261
NAA-GDP,50,0.03,AM,0,4,4,True,0.8571399673006735,0.16749999999999998
NAA-GDP,50,0.03,AM,1,4,4,True,0.8532755034024069,0.14850000000000002
NAA-GDP,50,0.03,AM,2,4,4,True,0.8540143165677967,0.16975
NAA-GDP,50,0.03,AM,3,4,4,True,0.8553669920055111,0.15925
NAA-GDP,50,0.03,AM,4,4,4,True,0.8513825680353648,0.16675
NAA-GDP,50,0.03,MP,0,4,4,True,0.8571399673006735,0.14575
NAA-GDP,50,0.03,MP,1,4,4,True,0.8532755034024069,0.146
NAA-GDP,50,0.03,MP,2,4,4,True,0.8540143165677967,0.17075
NAA-GDP,50,0.03,MP,3,4,4,True,0.8553669920055111,0.17325000000000002
NAA-GDP,50,0.03,MP,4,4,4,True,0.8513825680353648,0.17975000000000002
NAA-GDP,50,0.03,OP,0,4,4,True,0.8571399673006735,0.237
NAA-GDP,50,0.03,OP,1,4,4,True,0.8532755034024069,0.22025
NAA-GDP,50,0.03,OP,2,4,4,True,0.8540143165677967,0.22899999999999998
NAA-GDP,50,0.03,OP,3,4,4,True,0.8553669920055111,0.22725
NAA-GDP,50,0.03,OP,4,4,4,True,0.8513825680353648,0.21200000000000002
NAA-GDP,50,0.036,AM,0,4,4,True,0.8494823268252851,0.15775
NAA-GDP,50,0.036,AM,1,4,4,True,0.8460405114719836,0.136
NAA-GDP,50,0.036,AM,2,4,4,True,0.8441530309184917,0.139
NAA-GDP,50,0.036,AM,3,4,4,True,0.8507874327247216,0.15125000000000002
NAA-GDP,50,0.036,AM,4,4,4,True,0.8449125556643651,0.1355
NAA-GDP,50,0.036,MP,0,4,4,True,0.8494823268252851,0.11825
NAA-GDP,50,0.036,MP,1,4,4,True,0.8460405114719836,0.15250000000000002
NAA-GDP,50,0.036,MP,2,4,4,True,0.8441530309184917,0.13075
NAA-GDP,50,0.036,MP,3,4,4,True,0.8507874327247216,0.1345
NAA-GDP,50,0.036,MP,4,4,4,True,0.8449125556643651,0.14225
NAA-GDP,50,0.036,OP,0,4,4,True,0.8494823268252851,0.19675000000000004
NAA-GDP,50,0.036,OP,1,4,4,True,0.8460405114719836,0.1765
NAA-GDP,50,0.036,OP,2,4,4,True,0.8441530309184917,0.1865
NAA-GDP,50,0.036,OP,3,4,4,True,0.8507874327247216,0.189
NAA-GDP,50,0.036,OP,4,4,4,True,0.8449125556643651,0.1935
NAA-GDP,50,0.042,AM,0,4,4,True,0.8402380723837182,0.1325
NAA-GDP,50,0.042,AM,1,4,4,True,0.8395491291937992,0.132
NAA-GDP,50,0.042,AM,2,4,4,True,0.8376288789268729,0.11024999999999999
NAA-GDP,50,0.042,AM,3,4,4,True,0.8426253126602748,0.119
NAA-GDP,50,0.042,AM,4,4,4,True,0.8382379462923888,0.12375
NAA-GDP,50,0.042,MP,0,4,4,True,0.8402380723837182,0.10399999999999998
NAA-GDP,50,0.042,MP,1,4,4,True,0.8395491291937992,0.119
NAA-GDP,50,0.042,MP,2,4,4,True,0.8376288789268729,0.10825
NAA-GDP,50,0.042,MP,3,4,4,True,0.8426253126602748,0.11575
NAA-GDP,50,0.042,MP,4,4,4,True,0.8382379462923888,0.12
NAA-GDP,50,0.042,OP,0,4,4,True,0.8402380723837182,0.18100000000000002
NAA-GDP,50,0.042,OP,1,4,4,True,0.8395491291937992,0.158
NAA-GDP,50,0.042,OP,2,4,4,True,0.8376288789268729,0.179
NAA-GDP,50,0.042,OP,3,4,4,True,0.8426253126602748,0.18425
NAA-GDP,50,0.042,OP,4,4,4,True,0.8382379462923888,0.1685
NAA-GDP,50,0.048,AM,0,4,4,True,0.8330682907805724,0.12575
NAA-GDP,50,0.048,AM,1,4,4,True,0.8269283358115846,0.12025
NAA-GDP,50,0.048,AM,2,4,4,True,0.82753371144103,0.1135
NAA-GDP,50,0.048,AM,3,4,4,True,0.8310703334267258,0.12625
NAA-GDP,50,0.048,AM,4,4,4,True,0.8294479863911103,0.11499999999999999
NAA-GDP,50,0.048,MP,0,4,4,True,0.8330682907805724,0.10275000000000001
NAA-GDP,50,0.048,MP,1,4,4,True,0.8269283358115846,0.10550000000000001
NAA-GDP,50,0.048,MP,2,4,4,True,0.82753371144103,0.09525
NAA-GDP,50,0.048,MP,3,4,4,True,0.8310703334267258,0.11574999999999999
NAA-GDP,50,0.048,MP,4,4,4,True,0.8294479863911103,0.09825
NAA-GDP,50,0.048,OP,0,4,4,True,0.8330682907805724,0.12375
NAA-GDP,50,0.048,OP,1,4,4,True,0.8269283358115846,0.13624999999999998
NAA-GDP,50,0.048,OP,2,4,4,True,0.82753371144103,0.14175000000000001
NAA-GDP,50,0.048,OP,3,4,4,True,0.8310703334267258,0.14675
NAA-GDP,50,0.048,OP,4,4,4,True,0.8294479863911103,0.15025
NAA-GDP,50,0.054,AM,0,4,4,True,0.8222395937518486,0.10900000000000001
NAA-GDP,50,0.054,AM,1,4,4,True,0.8197760784055199,0.11249999999999999
NAA-GDP,50,0.054,AM,2,4,4,True,0.8181765147185072,0.10375
NAA-GDP,50,0.054,AM,3,4,4,True,0.8226511403379899,0.11475
NAA-GDP,50,0.054,AM,4,4,4,True,0.8179422436943209,0.11024999999999999
NAA-GDP,50,0.054,MP,0,4,4,True,0.8222395937518486,0.0995
NAA-GDP,50,0.054,MP,1,4,4,True,0.8197760784055199,0.09575
NAA-GDP,50,0.054,MP,2,4,4,True,0.8181765147185072,0.1055
NAA-GDP,50,0.054,MP,3,4,4,True,0.8226511403379899,0.10125
NAA-GDP,50,0.054,MP,4,4,4,True,0.8179422436943209,0.09749999999999999
NAA-GDP,50,0.054,OP,0,4,4,True,0.8222395937518486,0.1305
NAA-GDP,50,0.054,OP,1,4,4,True,0.8197760784055199,0.14700000000000002
NAA-GDP,50,0.054,OP,2,4,4,True,0.8181765147185072,0.131
NAA-GDP,50,0.054,OP,3,4,4,True,0.8226511403379899,0.12825
NAA-GDP,50,0.054,OP,4,4,4,True,0.8179422436943209,0.13375
NAA-GDP,50,0.06,AM,0,4,4,True,0.8181165255404614,0.11875
NAA-GDP,50,0.06,AM,1,4,4,True,0.8098834977768987,0.11574999999999999
NAA-GDP,50,0.06,AM,2,4,4,True,0.8094320921015565,0.11725
NAA-GDP,50,0.06,AM,3,4,4,True,0.8117362515972454,0.10725
NAA-GDP,50,0.06,AM,4,4,4,True,0.8143884939038348,0.10175000000000001
NAA-GDP,50,0.06,MP,0,4,4,True,0.8181165255404614,0.09025
NAA-GDP,50,0.06,MP,1,4,4,True,0.8098834977768987,0.08199999999999999
NAA-GDP,50,0.06,MP,2,4,4,True,0.8094320921015565,0.08875
NAA-GDP,50,0.06,MP,3,4,4,True,0.8117362515972454,0.11099999999999999
NAA-GDP,50,0.06,MP,4,4,4,True,0.8143884939038348,0.09575
NAA-GDP,50,0.06,OP,0,4,4,True,0.8181165255404614,0.13375
NAA-GDP,50,0.06,OP,1,4,4,True,0.8098834977768987,0.118
NAA-GDP,50,0.06,OP,2,4,4,True,0.8094320921015565,0.108
NAA-GDP,50,0.06,OP,3,4,4,True,0.8117362515972454,0.12675
NAA-GDP,50,0.06,OP,4,4,4,True,0.8143884939038348,0.14500000000000002
