method,participant_count,noise_scale,attack,n_seeds,final,balanced_accuracy_mean,balanced_accuracy_seed_sd,linkage_rate_mean,linkage_rate_seed_sd
AA-GDP,2,0.0,noiseless-exact-recovery,5,True,0.846910585550812,0.010575473818056319,0.7487999999999999,0.012275992831539136
AA-GDP,5,0.0,noiseless-exact-recovery,5,True,0.8694421916920636,0.014345308678415266,0.7487999999999999,0.012275992831539136
AA-GDP,10,0.0,noiseless-exact-recovery,5,True,0.8781931039689095,0.005690184395928326,0.7487999999999999,0.012275992831539136
AA-GDP,20,0.0,noiseless-exact-recovery,5,True,0.8855609668664919,0.0019133465990176708,0.7487999999999999,0.012275992831539136
AA-GDP,50,0.0,noiseless-exact-recovery,5,True,0.8885499158521867,0.0015727568285594958,0.7487999999999999,0.012275992831539136
C-GDP,2,0.0,known-common-transform,5,True,0.847640128462818,0.012885636012656309,0.7487999999999999,0.012275992831539136
C-GDP,5,0.0,known-common-transform,5,True,0.8690764394214907,0.013562044483786088,0.7487999999999999,0.012275992831539136
C-GDP,10,0.0,known-common-transform,5,True,0.8804490084200991,0.00979433665610615,0.7487999999999999,0.012275992831539136
C-GDP,20,0.0,known-common-transform,5,True,0.8852197336260789,0.0031833571950898847,0.7487999999999999,0.012275992831539136
C-GDP,50,0.0,known-common-transform,5,True,0.8876466970465888,0.0023196373724222188,0.7487999999999999,0.012275992831539136
C-GDP-private-noise,10,0.3,known-common-transform,5,True,0.8602752220362658,0.006634394566966359,0.59175,0.013654211804421399
C-GDP-private-noise,10,0.6,known-common-transform,5,True,0.8256974635557883,0.006446593115423408,0.406,0.012037701192503487
C-GDP-private-noise,10,0.9,known-common-transform,5,True,0.7910139742591791,0.008016286206431916,0.28430000000000005,0.014583166665714261
C-GDP-private-noise,10,1.2,known-common-transform,5,True,0.7631413803346909,0.0071926236154550675,0.21945,0.02334951819631402
C-GDP-private-noise,10,1.5,known-common-transform,5,True,0.7351083859687064,0.005670709954564422,0.18344999999999997,0.005685507892879923
C-GDP-private-noise,10,1.8,known-common-transform,5,True,0.7115606354577417,0.005603510045944979,0.16945000000000002,0.00434956894415987
C-GDP-private-noise,10,2.1,known-common-transform,5,True,0.6928027749155797,0.01117584289207177,0.1549,0.016657018040453695
C-GDP-private-noise,10,2.4,known-common-transform,5,True,0.6761258649576487,0.008063708693449658,0.14385,0.015682992380282527
C-GDP-private-noise,10,2.7,known-common-transform,5,True,0.6603237533134423,0.0067448497082355395,0.12885,0.00979572610887013
C-GDP-private-noise,10,3.0,known-common-transform,5,True,0.6486283241139018,0.004851623772689172,0.1264,0.008266271831968758
NAA-GDP,2,0.006,AM,5,True,0.8456603419560631,0.007624865334543683,0.5640000000000001,0.017440075974605115
NAA-GDP,2,0.006,MP,5,True,0.8456603419560631,0.007624865334543683,0.56745,0.02893602858030105
NAA-GDP,2,0.006,OP,5,True,0.8456603419560631,0.007624865334543683,0.63695,0.01361111678004421
NAA-GDP,2,0.012,AM,5,True,0.8418395691823127,0.006642540067642932,0.3496499999999999,0.017599360783846666
NAA-GDP,2,0.012,MP,5,True,0.8418395691823127,0.006642540067642932,0.374,0.017804493814764843
NAA-GDP,2,0.012,OP,5,True,0.8418395691823127,0.006642540067642932,0.47705000000000003,0.017068245369691638
NAA-GDP,2,0.018,AM,5,True,0.8421861784408315,0.0032405312656641296,0.23545,0.0212105516194181
NAA-GDP,2,0.018,MP,5,True,0.8421861784408315,0.0032405312656641296,0.2529,0.020987794071793242
NAA-GDP,2,0.018,OP,5,True,0.8421861784408315,0.0032405312656641296,0.33905,0.0224738737203892
NAA-GDP,2,0.024,AM,5,True,0.835337659221007,0.006689820480357412,0.18714999999999998,0.013315404612703297
NAA-GDP,2,0.024,MP,5,True,0.835337659221007,0.006689820480357412,0.21014999999999998,0.013713132391981053
NAA-GDP,2,0.024,OP,5,True,0.835337659221007,0.006689820480357412,0.26985000000000003,0.022139190364600065
NAA-GDP,2,0.03,AM,5,True,0.8325016880418659,0.006040799605203055,0.12995,0.009361490265977964
NAA-GDP,2,0.03,MP,5,True,0.8325016880418659,0.006040799605203055,0.16310000000000002,0.016063934760823715
NAA-GDP,2,0.03,OP,5,True,0.8325016880418659,0.006040799605203055,0.2251,0.009441596792915898
NAA-GDP,2,0.036,AM,5,True,0.8354369688054593,0.007554920202694528,0.11969999999999999,0.006764798592715087
NAA-GDP,2,0.036,MP,5,True,0.8354369688054593,0.007554920202694528,0.13565,0.012802099437201704
NAA-GDP,2,0.036,OP,5,True,0.8354369688054593,0.007554920202694528,0.18845,0.007766917020285476
NAA-GDP,2,0.042,AM,5,True,0.8233216538460993,0.012815286926901351,0.11355,0.010239934081819082
NAA-GDP,2,0.042,MP,5,True,0.8233216538460993,0.012815286926901351,0.11339999999999999,0.006987936032907003
NAA-GDP,2,0.042,OP,5,True,0.8233216538460993,0.012815286926901351,0.17415,0.01078424777163433
NAA-GDP,2,0.048,AM,5,True,0.8242299485234053,0.006390802038823099,0.11205000000000001,0.00944292062870381
NAA-GDP,2,0.048,MP,5,True,0.8242299485234053,0.006390802038823099,0.10350000000000001,0.007909646009778183
NAA-GDP,2,0.048,OP,5,True,0.8242299485234053,0.006390802038823099,0.13974999999999999,0.010386289038920494
NAA-GDP,2,0.054,AM,5,True,0.8264779011481421,0.006252967931842779,0.10085,0.008556065100266592
NAA-GDP,2,0.054,MP,5,True,0.8264779011481421,0.006252967931842779,0.0999,0.00375249916722176
NAA-GDP,2,0.054,OP,5,True,0.8264779011481421,0.006252967931842779,0.13410000000000002,0.00747203118301845
NAA-GDP,2,0.06,AM,5,True,0.8286865887103485,0.003492427175436719,0.09855,0.013715183192360208
NAA-GDP,2,0.06,MP,5,True,0.8286865887103485,0.003492427175436719,0.09355,0.010916444018085742
NAA-GDP,2,0.06,OP,5,True,0.8286865887103485,0.003492427175436719,0.12630000000000002,0.014223000738240867
NAA-GDP,5,0.006,AM,5,True,0.8626157589813476,0.015929886652923046,0.56455,0.01636058525848019
NAA-GDP,5,0.006,MP,5,True,0.8626157589813476,0.015929886652923046,0.56745,0.02893602858030105
NAA-GDP,5,0.006,OP,5,True,0.8626157589813476,0.015929886652923046,0.63695,0.01361111678004421
NAA-GDP,5,0.012,AM,5,True,0.8583631635930085,0.013312446744094873,0.3589,0.018388685379874214
NAA-GDP,5,0.012,MP,5,True,0.8583631635930085,0.013312446744094873,0.374,0.017804493814764843
NAA-GDP,5,0.012,OP,5,True,0.8583631635930085,0.013312446744094873,0.47705000000000003,0.017068245369691638
NAA-GDP,5,0.018,AM,5,True,0.8535364300560577,0.014401155278701897,0.24700000000000003,0.009965565713997393
NAA-GDP,5,0.018,MP,5,True,0.8535364300560577,0.014401155278701897,0.2529,0.020987794071793242
NAA-GDP,5,0.018,OP,5,True,0.8535364300560577,0.014401155278701897,0.33905,0.0224738737203892
NAA-GDP,5,0.024,AM,5,True,0.8458826888304027,0.013871808053939694,0.1918,0.014299694052671189
NAA-GDP,5,0.024,MP,5,True,0.8458826888304027,0.013871808053939694,0.21014999999999998,0.013713132391981053
NAA-GDP,5,0.024,OP,5,True,0.8458826888304027,0.013871808053939694,0.26985000000000003,0.022139190364600065
NAA-GDP,5,0.03,AM,5,True,0.8443479891494402,0.01419683102050527,0.14175,0.010196506754766556
NAA-GDP,5,0.03,MP,5,True,0.8443479891494402,0.01419683102050527,0.16310000000000002,0.016063934760823715
NAA-GDP,5,0.03,OP,5,True,0.8443479891494402,0.01419683102050527,0.2251,0.009441596792915898
NAA-GDP,5,0.036,AM,5,True,0.8326181073501125,0.013518210917050785,0.13235,0.013749545447032063
NAA-GDP,5,0.036,MP,5,True,0.8326181073501125,0.013518210917050785,0.13565,0.012802099437201704
NAA-GDP,5,0.036,OP,5,True,0.8326181073501125,0.013518210917050785,0.18845,0.007766917020285476
NAA-GDP,5,0.042,AM,5,True,0.8248070909298892,0.012853639369723072,0.11769999999999999,0.013978107883401102
NAA-GDP,5,0.042,MP,5,True,0.8248070909298892,0.012853639369723072,0.11339999999999999,0.006987936032907003
NAA-GDP,5,0.042,OP,5,True,0.8248070909298892,0.012853639369723072,0.17415,0.01078424777163433
NAA-GDP,5,0.048,AM,5,True,0.8235654696214212,0.009623202284362958,0.10985,0.004248529157249609
NAA-GDP,5,0.048,MP,5,True,0.8235654696214212,0.009623202284362958,0.10350000000000001,0.007909646009778183
NAA-GDP,5,0.048,OP,5,True,0.8235654696214212,0.009623202284362958,0.13974999999999999,0.010386289038920494
NAA-GDP,5,0.054,AM,5,True,0.824629711011306,0.009708681453232447,0.1119,0.008429116205154605
NAA-GDP,5,0.054,MP,5,True,0.824629711011306,0.009708681453232447,0.0999,0.00375249916722176
NAA-GDP,5,0.054,OP,5,True,0.824629711011306,0.009708681453232447,0.13410000000000002,0.00747203118301845
NAA-GDP,5,0.06,AM,5,True,0.8218475948944295,0.01230505097597914,0.10400000000000001,0.007221928412827145
NAA-GDP,5,0.06,MP,5,True,0.8218475948944295,0.01230505097597914,0.09355,0.010916444018085742
NAA-GDP,5,0.06,OP,5,True,0.8218475948944295,0.01230505097597914,0.12630000000000002,0.014223000738240867
NAA-GDP,10,0.006,AM,5,True,0.8782911089904146,0.004347565088560777,0.5645,0.016609485241873095
NAA-GDP,10,0.006,MP,5,True,0.8782911089904146,0.004347565088560777,0.56745,0.02893602858030105
NAA-GDP,10,0.006,OP,5,True,0.8782911089904146,0.004347565088560777,0.63695,0.01361111678004421
NAA-GDP,10,0.012,AM,5,True,0.8718731239904131,0.005880843666025229,0.36595,0.02354078906918796
NAA-GDP,10,0.012,MP,5,True,0.8718731239904131,0.005880843666025229,0.374,0.017804493814764843
NAA-GDP,10,0.012,OP,5,True,0.8718731239904131,0.005880843666025229,0.47705000000000003,0.017068245369691638
NAA-GDP,10,0.018,AM,5,True,0.865922320359406,0.004658515088057089,0.24965,0.014400086805293921
NAA-GDP,10,0.018,MP,5,True,0.865922320359406,0.004658515088057089,0.2529,0.020987794071793242
NAA-GDP,10,0.018,OP,5,True,0.865922320359406,0.004658515088057089,0.33905,0.0224738737203892
NAA-GDP,10,0.024,AM,5,True,0.8590943681464889,0.006302628955415866,0.1955,0.01587647630930742
NAA-GDP,10,0.024,MP,5,True,0.8590943681464889,0.006302628955415866,0.21014999999999998,0.013713132391981053
NAA-GDP,10,0.024,OP,5,True,0.8590943681464889,0.006302628955415866,0.26985000000000003,0.022139190364600065
NAA-GDP,10,0.03,AM,5,True,0.8522456585581315,0.0050627272232355025,0.15385,0.007311378119068933
NAA-GDP,10,0.03,MP,5,True,0.8522456585581315,0.0050627272232355025,0.16310000000000002,0.016063934760823715
NAA-GDP,10,0.03,OP,5,True,0.8522456585581315,0.0050627272232355025,0.2251,0.009441596792915898
NAA-GDP,10,0.036,AM,5,True,0.8441676778655509,0.005461880906362408,0.1378,0.018263180172138706
NAA-GDP,10,0.036,MP,5,True,0.8441676778655509,0.005461880906362408,0.13565,0.012802099437201704
NAA-GDP,10,0.036,OP,5,True,0.8441676778655509,0.005461880906362408,0.18845,0.007766917020285476
NAA-GDP,10,0.042,AM,5,True,0.8330505000189927,0.007265626102902505,0.121,0.008234834546000306
NAA-GDP,10,0.042,MP,5,True,0.8330505000189927,0.007265626102902505,0.11339999999999999,0.006987936032907003
NAA-GDP,10,0.042,OP,5,True,0.8330505000189927,0.007265626102902505,0.17415,0.01078424777163433
NAA-GDP,10,0.048,AM,5,True,0.82949252909526,0.0075943021520317655,0.12065000000000001,0.012898158783330277
NAA-GDP,10,0.048,MP,5,True,0.82949252909526,0.0075943021520317655,0.10350000000000001,0.007909646009778183
NAA-GDP,10,0.048,OP,5,True,0.82949252909526,0.0075943021520317655,0.13974999999999999,0.010386289038920494
NAA-GDP,10,0.054,AM,5,True,0.8254303274703046,0.007127432767031805,0.10345,0.0093079267294065
NAA-GDP,10,0.054,MP,5,True,0.8254303274703046,0.007127432767031805,0.0999,0.00375249916722176
NAA-GDP,10,0.054,OP,5,True,0.8254303274703046,0.007127432767031805,0.13410000000000002,0.00747203118301845
NAA-GDP,10,0.06,AM,5,True,0.8237213136220894,0.008718491943497402,0.09675000000000002,0.004286607049870566
NAA-GDP,10,0.06,MP,5,True,0.8237213136220894,0.008718491943497402,0.09355,0.010916444018085742
NAA-GDP,10,0.06,OP,5,True,0.8237213136220894,0.008718491943497402,0.12630000000000002,0.014223000738240867
NAA-GDP,20,0.006,AM,5,True,0.8796208410605862,0.0029082661156386064,0.5659,0.014010710188994658
NAA-GDP,20,0.006,MP,5,True,0.8796208410605862,0.0029082661156386064,0.56745,0.02893602858030105
NAA-GDP,20,0.006,OP,5,True,0.8796208410605862,0.0029082661156386064,0.63695,0.01361111678004421
NAA-GDP,20,0.012,AM,5,True,0.8740348273615263,0.0021355755083988905,0.36485,0.025786745626387216
NAA-GDP,20,0.012,MP,5,True,0.8740348273615263,0.0021355755083988905,0.374,0.017804493814764843
NAA-GDP,20,0.012,OP,5,True,0.8740348273615263,0.0021355755083988905,0.47705000000000003,0.017068245369691638
NAA-GDP,20,0.018,AM,5,True,0.8681117109068219,0.0037692014011956273,0.24934999999999996,0.01834274379693508
NAA-GDP,20,0.018,MP,5,True,0.8681117109068219,0.0037692014011956273,0.2529,0.020987794071793242
NAA-GDP,20,0.018,OP,5,True,0.8681117109068219,0.0037692014011956273,0.33905,0.0224738737203892
NAA-GDP,20,0.024,AM,5,True,0.8613273066788614,0.003975171882638483,0.1991,0.01533541652515509
NAA-GDP,20,0.024,MP,5,True,0.8613273066788614,0.003975171882638483,0.21014999999999998,0.013713132391981053
NAA-GDP,20,0.024,OP,5,True,0.8613273066788614,0.003975171882638483,0.26985000000000003,0.022139190364600065
NAA-GDP,20,0.03,AM,5,True,0.8543381977948498,0.003444784629854772,0.1631,0.013207005716664172
NAA-GDP,20,0.03,MP,5,True,0.8543381977948498,0.003444784629854772,0.16310000000000002,0.016063934760823715
NAA-GDP,20,0.03,OP,5,True,0.8543381977948498,0.003444784629854772,0.2251,0.009441596792915898
NAA-GDP,20,0.036,AM,5,True,0.8463663021149591,0.004470391018594102,0.14065,0.012999519221878938
NAA-GDP,20,0.036,MP,5,True,0.8463663021149591,0.004470391018594102,0.13565,0.012802099437201704
NAA-GDP,20,0.036,OP,5,True,0.8463663021149591,0.004470391018594102,0.18845,0.007766917020285476
NAA-GDP,20,0.042,AM,5,True,0.83686378307684,0.002951546860023613,0.12555,0.01358813820948257
NAA-GDP,20,0.042,MP,5,True,0.83686378307684,0.002951546860023613,0.11339999999999999,0.006987936032907003
NAA-GDP,20,0.042,OP,5,True,0.83686378307684,0.002951546860023613,0.17415,0.01078424777163433
NAA-GDP,20,0.048,AM,5,True,0.8296509914610473,0.00344694884105898,0.11825,0.010622793888615178
NAA-GDP,20,0.048,MP,5,True,0.8296509914610473,0.00344694884105898,0.10350000000000001,0.007909646009778183
NAA-GDP,20,0.048,OP,5,True,0.8296509914610473,0.00344694884105898,0.13974999999999999,0.010386289038920494
NAA-GDP,20,0.054,AM,5,True,0.8209282045059707,0.0036228658077112168,0.10729999999999999,0.004994997497496874
NAA-GDP,20,0.054,MP,5,True,0.8209282045059707,0.0036228658077112168,0.0999,0.00375249916722176
NAA-GDP,20,0.054,OP,5,True,0.8209282045059707,0.0036228658077112168,0.13410000000000002,0.00747203118301845
NAA-GDP,20,0.06,AM,5,True,0.81856920874311,0.0020249703998459724,0.10840000000000001,0.003883458510142731
NAA-GDP,20,0.06,MP,5,True,0.81856920874311,0.0020249703998459724,0.09355,0.010916444018085742
NAA-GDP,20,0.06,OP,5,True,0.81856920874311,0.0020249703998459724,0.12630000000000002,0.014223000738240867
NAA-GDP,50,0.006,AM,5,True,0.8818049744355478,0.0016943798601510506,0.5665,0.014529065696045293
NAA-GDP,50,0.006,MP,5,True,0.8818049744355478,0.0016943798601510506,0.56745,0.02893602858030105
NAA-GDP,50,0.006,OP,5,True,0.8818049744355478,0.0016943798601510506,0.63695,0.01361111678004421
NAA-GDP,50,0.012,AM,5,True,0.8749719174913191,0.0023323780214178965,0.3641,0.024033570271601346
NAA-GDP,50,0.012,MP,5,True,0.8749719174913191,0.0023323780214178965,0.374,0.017804493814764843
NAA-GDP,50,0.012,OP,5,True,0.8749719174913191,0.0023323780214178965,0.47705000000000003,0.017068245369691638
NAA-GDP,50,0.018,AM,5,True,0.8696314868718042,0.0011686479368281893,0.24535,0.011694817228157106
NAA-GDP,50,0.018,MP,5,True,0.8696314868718042,0.0011686479368281893,0.2529,0.020987794071793242
NAA-GDP,50,0.018,OP,5,True,0.8696314868718042,0.0011686479368281893,0.33905,0.0224738737203892
NAA-GDP,50,0.024,AM,5,True,0.8629461431564304,0.0020121935367811267,0.20049999999999998,0.016678953804120933
NAA-GDP,50,0.024,MP,5,True,0.8629461431564304,0.0020121935367811267,0.21014999999999998,0.013713132391981053
NAA-GDP,50,0.024,OP,5,True,0.8629461431564304,0.0020121935367811267,0.26985000000000003,0.022139190364600065
NAA-GDP,50,0.03,AM,5,True,0.8542358694623505,0.0021694434856440745,0.16235,0.008690152472770536
NAA-GDP,50,0.03,MP,5,True,0.8542358694623505,0.0021694434856440745,0.16310000000000002,0.016063934760823715
NAA-GDP,50,0.03,OP,5,True,0.8542358694623505,0.0021694434856440745,0.2251,0.009441596792915898
NAA-GDP,50,0.036,AM,5,True,0.8470751715209694,0.0029095366626333934,0.1439,0.010035250370568738
NAA-GDP,50,0.036,MP,5,True,0.8470751715209694,0.0029095366626333934,0.13565,0.012802099437201704
NAA-GDP,50,0.036,OP,5,True,0.8470751715209694,0.0029095366626333934,0.18845,0.007766917020285476
NAA-GDP,50,0.042,AM,5,True,0.8396558678914108,0.0019549388340237414,0.12350000000000001,0.009342443470527406
NAA-GDP,50,0.042,MP,5,True,0.8396558678914108,0.0019549388340237414,0.11339999999999999,0.006987936032907003
NAA-GDP,50,0.042,OP,5,True,0.8396558678914108,0.0019549388340237414,0.17415,0.01078424777163433
NAA-GDP,50,0.048,AM,5,True,0.8296097315702047,0.0025308542969191467,0.12015,0.005901800572706605
NAA-GDP,50,0.048,MP,5,True,0.8296097315702047,0.0025308542969191467,0.10350000000000001,0.007909646009778183
NAA-GDP,50,0.048,OP,5,True,0.8296097315702047,0.0025308542969191467,0.13974999999999999,0.010386289038920494
NAA-GDP,50,0.054,AM,5,True,0.8201571141816373,0.0022096663436216198,0.11005000000000001,0.004151054083001088
NAA-GDP,50,0.054,MP,5,True,0.8201571141816373,0.0022096663436216198,0.0999,0.00375249916722176
NAA-GDP,50,0.054,OP,5,True,0.8201571141816373,0.0022096663436216198,0.13410000000000002,0.00747203118301845
NAA-GDP,50,0.06,AM,5,True,0.8127113721839994,0.0035961726790495474,0.11215000000000001,0.007326322406228101
NAA-GDP,50,0.06,MP,5,True,0.8127113721839994,0.0035961726790495474,0.09355,0.010916444018085742
NAA-GDP,50,0.06,OP,5,True,0.8127113721839994,0.0035961726790495474,0.12630000000000002,0.014223000738240867
