run_id,outer_seed,participant_count,noise_scale,level_index,realization,iterations,converged,last_step,fixed_point_residual,elapsed_seconds,initialization_seconds,iteration_seconds
s0_p10_NAA-GDP_l1_r0,0,10,0.006,1,0,5,True,8.699054474260546e-09,2.6058747327076802e-12,3.0358600280005703,0.510998472999745,2.096655414000452
s0_p10_NAA-GDP_l1_r1,0,10,0.006,1,1,5,True,8.71193069530997e-09,2.610057916406355e-12,3.019963662000009,0.49118019600064144,2.1024156769999536
s0_p10_NAA-GDP_l1_r2,0,10,0.006,1,2,5,True,8.694801461118287e-09,2.6082844166941817e-12,2.9911235330000636,0.46375961000012467,2.1010684689999835
s0_p10_NAA-GDP_l1_r3,0,10,0.006,1,3,5,True,8.826831607177006e-09,2.6438416055568668e-12,3.0152834559994517,0.48448128499967424,2.101814514999205
s0_p10_NAA-GDP_l2_r0,0,10,0.012,2,0,7,True,5.6947870031751334e-08,7.240863918747368e-11,3.6739242300000114,0.47980206299962447,2.7875397030002205
s0_p10_NAA-GDP_l2_r1,0,10,0.012,2,1,7,True,5.7096617995442204e-08,7.248116606999338e-11,3.683453685999666,0.48032947899991996,2.7969809079995684
s0_p10_NAA-GDP_l2_r2,0,10,0.012,2,2,7,True,5.624685612725251e-08,7.114748101769397e-11,3.6729167829998914,0.46337594099986745,2.8027582439999605
s0_p10_NAA-GDP_l2_r3,0,10,0.012,2,3,7,True,5.707845485360615e-08,7.245013131983437e-11,3.678764921999573,0.47618331800003943,2.795366083000772
s0_p10_NAA-GDP_l3_r0,0,10,0.018,3,0,11,True,2.0169968912601097e-08,6.0381030718779e-11,5.14735620600004,0.47980372900019574,4.27229559099942
s0_p10_NAA-GDP_l3_r1,0,10,0.018,3,1,11,True,2.073504352702124e-08,6.224210343825642e-11,5.158616855999753,0.47124461400017026,4.2913973619997705
s0_p10_NAA-GDP_l3_r2,0,10,0.018,3,2,11,True,2.1381207410979348e-08,6.439960852465981e-11,5.131201052000506,0.4592862480003532,4.276417417999255
s0_p10_NAA-GDP_l3_r3,0,10,0.018,3,3,11,True,2.132960086516946e-08,6.428309149749702e-11,5.14256265899985,0.46928976900017005,4.278202935000081
s0_p10_NAA-GDP_l4_r0,0,10,0.024,4,0,16,True,5.7238469731436614e-08,3.148192770565381e-10,6.908067278999624,0.438485849999779,6.083788430000823
s0_p10_NAA-GDP_l4_r1,0,10,0.024,4,1,16,True,6.117673577090553e-08,3.381018240055516e-10,6.9681654699998035,0.4650629329998992,6.112480105999566
s0_p10_NAA-GDP_l4_r2,0,10,0.024,4,2,16,True,6.019643318303564e-08,3.329175713914141e-10,6.925691864000328,0.4500234420002016,6.088398409000547
s0_p10_NAA-GDP_l4_r3,0,10,0.024,4,3,16,True,5.891219719148153e-08,3.2521151782359274e-10,6.946410406999348,0.46187003399973037,6.09795681200012
s0_p10_NAA-GDP_l5_r0,0,10,0.03,5,0,27,True,8.64834281684955e-08,7.606974755118871e-10,10.987700705000861,0.4597703330000513,10.145771157000127
s0_p10_NAA-GDP_l5_r1,0,10,0.03,5,1,27,True,8.867812274781948e-08,7.828287759593843e-10,10.969154211999921,0.43326636200072244,10.153739788000166
s0_p10_NAA-GDP_l5_r2,0,10,0.03,5,2,27,True,9.499274414575476e-08,8.384299489089887e-10,10.971741457000462,0.4376777970001058,10.153698599000563
s0_p10_NAA-GDP_l5_r3,0,10,0.03,5,3,27,True,8.523640447050923e-08,7.501067098537829e-10,10.982304191000367,0.44239861100049893,10.154665058999853
s0_p10_NAA-GDP_l6_r0,0,10,0.036,6,0,70,True,9.298362919309058e-08,1.195970758430907e-09,26.90071922000061,0.42742684400036524,26.092376310999498
s0_p10_NAA-GDP_l6_r1,0,10,0.036,6,1,70,True,8.814260049098491e-08,1.136432142904132e-09,26.857277007999983,0.4515747619998365,26.026934679000078
s0_p10_NAA-GDP_l6_r2,0,10,0.036,6,2,70,True,8.647373839195137e-08,1.118922527732381e-09,26.810938929999793,0.44503026899928955,25.987015319999955
s0_p10_NAA-GDP_l6_r3,0,10,0.036,6,3,71,True,8.933646471055291e-08,1.155032066561395e-09,27.2243405549998,0.42881929600025614,26.41612399600035
s0_p10_NAA-GDP_l7_r0,0,10,0.042,7,0,500,False,0.012165400943339788,0.00019101144590696884,185.93611671800045,0.4370320719999654,185.120264571
s0_p10_NAA-GDP_l7_r1,0,10,0.042,7,1,500,False,0.007108776901998178,0.00011232513092433747,186.04530491699916,0.4368261319996236,185.23168442799943
s0_p10_NAA-GDP_l7_r2,0,10,0.042,7,2,500,False,0.00513550698236005,8.088789301356289e-05,186.1063332169997,0.4508751840003242,185.27616538199982
s0_p10_NAA-GDP_l7_r3,0,10,0.042,7,3,500,False,0.011630616704719834,0.00018329060822669334,185.77091772099993,0.4311289429988392,184.9628769989995
s0_p10_NAA-GDP_l8_r0,0,10,0.048,8,0,500,False,0.017575207975956544,0.0002767759261139699,185.9818703510009,0.42536888900031045,185.17759589999878
s0_p10_NAA-GDP_l8_r1,0,10,0.048,8,1,500,False,0.024000759932008366,0.00037856096835660216,186.13751047799997,0.4385888689994317,185.31939131800027
s0_p10_NAA-GDP_l8_r2,0,10,0.048,8,2,500,False,0.01833295360736795,0.00028937843992361356,186.31088017499997,0.42380516699995496,185.50689330199975
s0_p10_NAA-GDP_l8_r3,0,10,0.048,8,3,500,False,0.018227847911006144,0.00028780214288964557,186.35320043899992,0.43183253799998056,185.54172729799984
s0_p10_NAA-GDP_l9_r0,0,10,0.054,9,0,500,False,0.025000569718766425,0.0003937063394960551,186.6456110879999,0.4335523210002066,185.83465464399978
s0_p10_NAA-GDP_l9_r1,0,10,0.054,9,1,500,False,0.02231295878559209,0.0003520096787867711,186.47961229799967,0.4028711490000205,185.6995222579999
s0_p10_NAA-GDP_l9_r2,0,10,0.054,9,2,500,False,0.01830159794631764,0.00028854915602223065,186.69478927,0.4479336629997306,185.86830967000014
s0_p10_NAA-GDP_l9_r3,0,10,0.054,9,3,500,False,0.019352900431600928,0.0003054189097262524,186.66627839099965,0.4488507389996812,185.83843242799958
s0_p10_NAA-GDP_l10_r0,0,10,0.06,10,0,500,False,0.024787152872253363,0.00039160253946974856,186.72963893999986,0.40570182600004046,185.94298491799964
s0_p10_NAA-GDP_l10_r1,0,10,0.06,10,1,500,False,0.025511548097975605,0.00040250614507361784,186.6099832460004,0.44385764800063043,185.7850581570001
s0_p10_NAA-GDP_l10_r2,0,10,0.06,10,2,500,False,0.023840634719971786,0.00037602315150551496,186.4668407250001,0.4328243209993161,185.6564928079997
s0_p10_NAA-GDP_l10_r3,0,10,0.06,10,3,500,False,0.027277246369296754,0.00043069450566604123,186.65219866000007,0.4336434460001328,185.83836024599987
s1_p10_NAA-GDP_l1_r0,1,10,0.006,1,0,5,True,8.883614009581931e-09,2.6693160582176762e-12,3.031330416999481,0.4936399899997923,2.1080810080002266
s1_p10_NAA-GDP_l1_r1,1,10,0.006,1,1,5,True,8.836132523365465e-09,2.6538323805504033e-12,3.016825603000143,0.48641550699994696,2.104156047000288
s1_p10_NAA-GDP_l1_r2,1,10,0.006,1,2,5,True,8.776623590008223e-09,2.6333598940113052e-12,2.993208932000016,0.4641987830000289,2.1024059890005447
s1_p10_NAA-GDP_l1_r3,1,10,0.006,1,3,5,True,8.76519564831574e-09,2.6302254187713914e-12,2.9926056510003036,0.46457430299960834,2.1001421720002327
s1_p10_NAA-GDP_l2_r0,1,10,0.012,2,0,7,True,5.638526912135909e-08,7.131850524968791e-11,3.6681086429998686,0.46800336399974185,2.7938829309996436
s1_p10_NAA-GDP_l2_r1,1,10,0.012,2,1,7,True,5.637882663152377e-08,7.145157268384692e-11,3.6881492109996543,0.4790232380000816,2.8039464690000386
s1_p10_NAA-GDP_l2_r2,1,10,0.012,2,2,7,True,5.766911667367515e-08,7.330546059434006e-11,3.6616686580000533,0.46451973199964414,2.7925488890005
s1_p10_NAA-GDP_l2_r3,1,10,0.012,2,3,7,True,5.611190500953362e-08,7.106957671006853e-11,3.6668399239997598,0.4660431749998679,2.7945855759999176
s1_p10_NAA-GDP_l3_r0,1,10,0.018,3,0,11,True,2.1101408600837308e-08,6.344819759075983e-11,5.133566299999984,0.45539358200039715,4.279918330000328
s1_p10_NAA-GDP_l3_r1,1,10,0.018,3,1,11,True,2.0553441053981754e-08,6.173270456044102e-11,5.131379645000379,0.46838239099997736,4.270381870000165
s1_p10_NAA-GDP_l3_r2,1,10,0.018,3,2,11,True,2.156089855241283e-08,6.495542342854223e-11,5.132804961000147,0.456776479999462,4.280173594999724
s1_p10_NAA-GDP_l3_r3,1,10,0.018,3,3,11,True,2.1006891878130074e-08,6.322074094937488e-11,5.120312455000203,0.44980716299960477,4.275815025000156
s1_p10_NAA-GDP_l4_r0,1,10,0.024,4,0,16,True,5.7712156580509316e-08,3.1834355589091997e-10,6.969270603000041,0.4633482899998853,6.115560475000166
s1_p10_NAA-GDP_l4_r1,1,10,0.024,4,1,16,True,5.691573825558331e-08,3.1305917779612653e-10,6.949048612000297,0.45978148199992575,6.100577300000623
s1_p10_NAA-GDP_l4_r2,1,10,0.024,4,2,16,True,5.7994526314067004e-08,3.1934659886782527e-10,6.954600965000282,0.4571049030000722,6.107592657999703
s1_p10_NAA-GDP_l4_r3,1,10,0.024,4,3,16,True,5.6646766779185736e-08,3.113740807884207e-10,6.940436881000096,0.44862232000014046,6.103278071000204
s1_p10_NAA-GDP_l5_r0,1,10,0.03,5,0,27,True,9.645266034750917e-08,8.573949280598602e-10,10.971223933999681,0.45090704199992615,10.137930306999806
s1_p10_NAA-GDP_l5_r1,1,10,0.03,5,1,27,True,8.167017942023055e-08,7.166493868556054e-10,10.991045789000054,0.4383888410002328,10.16852402099994
s1_p10_NAA-GDP_l5_r2,1,10,0.03,5,2,27,True,9.513898900237544e-08,8.4046873720495e-10,10.969422931999361,0.4339538349995564,10.152222085000176
s1_p10_NAA-GDP_l5_r3,1,10,0.03,5,3,27,True,8.546016744916336e-08,7.519056548887454e-10,10.963368764999359,0.45199897200018313,10.129073736000464
s1_p10_NAA-GDP_l6_r0,1,10,0.036,6,0,70,True,9.11238092697252e-08,1.1854820110472694e-09,26.874366960999396,0.44109632299932855,26.051859135000086
s1_p10_NAA-GDP_l6_r1,1,10,0.036,6,1,70,True,9.598609294518082e-08,1.2375850574337176e-09,26.85977298799935,0.45143635800013726,26.029160954999497
s1_p10_NAA-GDP_l6_r2,1,10,0.036,6,2,81,True,9.400292813134219e-08,1.258737093883968e-09,30.96130359899962,0.4506547769997269,30.13395753899931
s1_p10_NAA-GDP_l6_r3,1,10,0.036,6,3,69,True,8.171073084698307e-08,1.05525366625112e-09,26.516679809999914,0.4578139029999875,25.68129491899981
s1_p10_NAA-GDP_l7_r0,1,10,0.042,7,0,500,False,0.006512997513062804,0.0001029091019558823,185.7795637120007,0.4348672850001094,184.96463969099932
s1_p10_NAA-GDP_l7_r1,1,10,0.042,7,1,500,False,0.005833103153980043,9.20401384373156e-05,185.490540797,0.43288154499987286,184.6826564619996
s1_p10_NAA-GDP_l7_r2,1,10,0.042,7,2,500,False,0.022028962954025046,0.0003499935384421359,185.9216824060004,0.40819637900040107,185.1364704509997
s1_p10_NAA-GDP_l7_r3,1,10,0.042,7,3,500,False,0.005442601830075246,8.561462569167178e-05,185.97385140200004,0.4362229450007362,185.16110708199994
s1_p10_NAA-GDP_l8_r0,1,10,0.048,8,0,500,False,0.026751600723793924,0.00042185118717819796,186.1033174310005,0.4237472450004134,185.30050487900007
s1_p10_NAA-GDP_l8_r1,1,10,0.048,8,1,500,False,0.015257937418737948,0.0002403184328838174,186.03098001099988,0.43521815199983394,185.21857332300078
s1_p10_NAA-GDP_l8_r2,1,10,0.048,8,2,500,False,0.028705215230038692,0.0004547235793257975,186.27749483200023,0.4354386960003467,185.4635634819997
s1_p10_NAA-GDP_l8_r3,1,10,0.048,8,3,500,False,0.02499109142800899,0.000394168876777326,186.3288428599999,0.4065440029999081,185.54489932700108
s1_p10_NAA-GDP_l9_r0,1,10,0.054,9,0,500,False,0.02498464274305345,0.00039368033429330304,186.8562854690008,0.437748461999945,186.03864893600075
s1_p10_NAA-GDP_l9_r1,1,10,0.054,9,1,500,False,0.022997157119854807,0.00036289164731630045,186.56139566399906,0.4323252569993201,185.74917720600024
s1_p10_NAA-GDP_l9_r2,1,10,0.054,9,2,500,False,0.021710794651517352,0.00034216133685398205,186.62923454700103,0.45257356300135143,185.7963224089999
s1_p10_NAA-GDP_l9_r3,1,10,0.054,9,3,500,False,0.02637116557164926,0.0004155315791158446,186.61624297299932,0.4471805220000533,185.7897396999997
s1_p10_NAA-GDP_l10_r0,1,10,0.06,10,0,500,False,0.02448232463012579,0.0003861231090704592,186.85990256699915,0.4357217149990902,186.04544608200013
s1_p10_NAA-GDP_l10_r1,1,10,0.06,10,1,500,False,0.020728585122221917,0.0003268264662232321,186.8532832389992,0.4369969370000035,186.0330034260005
s1_p10_NAA-GDP_l10_r2,1,10,0.06,10,2,500,False,0.030044119749148463,0.00047474971401274265,186.86142658099925,0.42042667100031395,186.06239647999973
s1_p10_NAA-GDP_l10_r3,1,10,0.06,10,3,500,False,0.026343802038295536,0.0004159669063912209,187.0505175110011,0.4463108039999497,186.22431176099963
s2_p10_NAA-GDP_l1_r0,2,10,0.006,1,0,5,True,8.770564367729692e-09,2.632048593879501e-12,3.041359717999512,0.5167083039996214,2.095621148999271
s2_p10_NAA-GDP_l1_r1,2,10,0.006,1,1,5,True,8.874201391483066e-09,2.6676864925859684e-12,3.017847836999863,0.48710485999981756,2.10419919099877
s2_p10_NAA-GDP_l1_r2,2,10,0.006,1,2,5,True,8.801936153515367e-09,2.638964000828366e-12,3.0306275180009834,0.5034929329995066,2.1009766080005647
s2_p10_NAA-GDP_l1_r3,2,10,0.006,1,3,5,True,8.639732228958454e-09,2.583648974493568e-12,3.046900800000003,0.5088618589998077,2.1102727870002127
s2_p10_NAA-GDP_l2_r0,2,10,0.012,2,0,7,True,5.708233062356203e-08,7.24592461944783e-11,3.663920176000829,0.4662808100001712,2.79100648199892
s2_p10_NAA-GDP_l2_r1,2,10,0.012,2,1,7,True,5.585718096817527e-08,7.063847547442725e-11,3.6577334940011497,0.4606955840008595,2.7900131240003248
s2_p10_NAA-GDP_l2_r2,2,10,0.012,2,2,7,True,5.662424344900087e-08,7.193270864934281e-11,3.6510963559994707,0.44236080200062133,2.8015877370016824
s2_p10_NAA-GDP_l2_r3,2,10,0.012,2,3,7,True,5.667236748149063e-08,7.18662108029443e-11,3.6860820329984563,0.48851851600011287,2.7927577720001864
s2_p10_NAA-GDP_l3_r0,2,10,0.018,3,0,11,True,2.0885445717881765e-08,6.273549893043262e-11,5.110932243000207,0.44801657300013176,4.268459819000782
s2_p10_NAA-GDP_l3_r1,2,10,0.018,3,1,11,True,2.0738735928441475e-08,6.229793560977379e-11,5.139512010000544,0.45932567000090785,4.283170009999594
s2_p10_NAA-GDP_l3_r2,2,10,0.018,3,2,11,True,2.0878999140438686e-08,6.275022613187504e-11,5.129677860000811,0.4721575090006809,4.260723231998782
s2_p10_NAA-GDP_l3_r3,2,10,0.018,3,3,11,True,2.112773405207187e-08,6.359448447920866e-11,5.133506123000188,0.4695706520014937,4.269679398001244
s2_p10_NAA-GDP_l4_r0,2,10,0.024,4,0,16,True,5.8057383292495917e-08,3.19896606405479e-10,6.972110360000443,0.46922265499961213,6.113682785000492
s2_p10_NAA-GDP_l4_r1,2,10,0.024,4,1,16,True,5.798623419620203e-08,3.188810913121002e-10,6.951737116000004,0.44368855100037763,6.119159148998733
s2_p10_NAA-GDP_l4_r2,2,10,0.024,4,2,16,True,5.771954323153482e-08,3.1742316624343026e-10,6.927328151999973,0.4372246519997134,6.10304747400005
s2_p10_NAA-GDP_l4_r3,2,10,0.024,4,3,16,True,5.7560691783300904e-08,3.171278425872521e-10,6.954281887999969,0.4535473430005368,6.11060596400057
s2_p10_NAA-GDP_l5_r0,2,10,0.03,5,0,27,True,9.613926523053e-08,8.511057302808062e-10,10.917373254000267,0.4135994549997122,10.12081609300003
s2_p10_NAA-GDP_l5_r1,2,10,0.03,5,1,27,True,9.387568369943905e-08,8.275745766265938e-10,11.002669449000678,0.4654588159992272,10.153640218000874
s2_p10_NAA-GDP_l5_r2,2,10,0.03,5,2,28,True,5.820837771632044e-08,5.166089654123435e-10,11.301943593000033,0.41739007300020603,10.502444144000037
s2_p10_NAA-GDP_l5_r3,2,10,0.03,5,3,27,True,9.863053362160456e-08,8.700203370470311e-10,10.982731179001348,0.44044644000132394,10.161784644998988
s2_p10_NAA-GDP_l6_r0,2,10,0.036,6,0,70,True,9.085450196024809e-08,1.167980192212971e-09,26.80699380199985,0.43162379300156317,25.997720950999792
s2_p10_NAA-GDP_l6_r1,2,10,0.036,6,1,68,True,9.211934671727838e-08,1.179326335550028e-09,26.106814448001387,0.4359269120013778,25.294091308000134
s2_p10_NAA-GDP_l6_r2,2,10,0.036,6,2,71,True,8.164073834739889e-08,1.049610270274647e-09,27.23168213400095,0.40767867700014904,26.445671114001016
s2_p10_NAA-GDP_l6_r3,2,10,0.036,6,3,67,True,9.881378138029524e-08,1.259940050022208e-09,25.690683816001183,0.41004141099983826,24.90085571599957
s2_p10_NAA-GDP_l7_r0,2,10,0.042,7,0,500,False,0.0065511198077982755,0.00010259395175673188,185.84834408700044,0.44281273300111934,185.02945605999957
s2_p10_NAA-GDP_l7_r1,2,10,0.042,7,1,500,False,0.01544008560932051,0.0002438362529218231,185.83007307200023,0.44274241300081485,185.00819987999967
s2_p10_NAA-GDP_l7_r2,2,10,0.042,7,2,500,False,0.016176337359422477,0.0002552983452807917,185.8210270089985,0.40446482399966044,185.03995516600116
s2_p10_NAA-GDP_l7_r3,2,10,0.042,7,3,500,False,0.005776809257910007,9.098294445830391e-05,185.89171908199933,0.4502827249998518,185.06300168899907
s2_p10_NAA-GDP_l8_r0,2,10,0.048,8,0,500,False,0.025258485921043832,0.0003989017575766843,186.21520471000076,0.4026747030002298,185.4337928240002
s2_p10_NAA-GDP_l8_r1,2,10,0.048,8,1,500,False,0.026334282210640558,0.00041573944484085213,186.32890172099906,0.4399254509989987,185.50960924399988
s2_p10_NAA-GDP_l8_r2,2,10,0.048,8,2,500,False,0.024270089308272486,0.00038228858443404066,186.17688627799907,0.4440170729994861,185.35460171200066
s2_p10_NAA-GDP_l8_r3,2,10,0.048,8,3,500,False,0.020573337982464454,0.00032511283999211706,186.24246771800063,0.439211967999654,185.42513576300007
s2_p10_NAA-GDP_l9_r0,2,10,0.054,9,0,500,False,0.02354651476432739,0.0003718076532600244,186.78737111099872,0.445184521999181,185.95889879300012
s2_p10_NAA-GDP_l9_r1,2,10,0.054,9,1,500,False,0.026899846125273096,0.0004246798874294767,186.4952794389992,0.4230572009983007,185.69464867399984
s2_p10_NAA-GDP_l9_r2,2,10,0.054,9,2,500,False,0.021750312259989166,0.0003431122757421019,186.65533019699978,0.4411504630006675,185.83630285800064
s2_p10_NAA-GDP_l9_r3,2,10,0.054,9,3,500,False,0.018166219063219392,0.0002863382296012295,186.56387680399894,0.4514304349995655,185.73418088799917
s2_p10_NAA-GDP_l10_r0,2,10,0.06,10,0,500,False,0.0266279583769295,0.0004196585304445874,186.70497505999992,0.40352589000031003,185.92390147700098
s2_p10_NAA-GDP_l10_r1,2,10,0.06,10,1,500,False,0.021681686987044348,0.0003424121038497836,186.83679477199985,0.44607371500023874,186.00967457799925
s2_p10_NAA-GDP_l10_r2,2,10,0.06,10,2,500,False,0.025625181056131128,0.0004046172043467583,186.86508906999916,0.42359037999995053,186.0617458630004
s2_p10_NAA-GDP_l10_r3,2,10,0.06,10,3,500,False,0.027547415787259638,0.0004356280982636507,186.99327986699973,0.4264628709988756,186.18667019799977
s3_p10_NAA-GDP_l1_r0,3,10,0.006,1,0,5,True,8.705320502198549e-09,2.6075361137660987e-12,3.027004555999156,0.50091188299848,2.0990096329987864
s3_p10_NAA-GDP_l1_r1,3,10,0.006,1,1,5,True,8.702809811530682e-09,2.6046635057253095e-12,3.0292143160004343,0.49669061199892894,2.1067375259990513
s3_p10_NAA-GDP_l1_r2,3,10,0.006,1,2,5,True,8.805392068427776e-09,2.6387069104216235e-12,3.046253964999778,0.5154298599991307,2.103712006999558
s3_p10_NAA-GDP_l1_r3,3,10,0.006,1,3,5,True,8.780084545200355e-09,2.6378823196628043e-12,3.028823998000007,0.5005149019998498,2.0999985420021403
s3_p10_NAA-GDP_l2_r0,3,10,0.012,2,0,7,True,5.642661596678911e-08,7.164208017153201e-11,3.647085160999268,0.44210888800080284,2.7983085730011226
s3_p10_NAA-GDP_l2_r1,3,10,0.012,2,1,7,True,5.6746684243014345e-08,7.19643423809672e-11,3.6466316059995734,0.4441559330007294,2.7960168270001304
s3_p10_NAA-GDP_l2_r2,3,10,0.012,2,2,7,True,5.759683412473167e-08,7.330305263949539e-11,3.6944896210006846,0.48453201899974374,2.8045006390020717
s3_p10_NAA-GDP_l2_r3,3,10,0.012,2,3,7,True,5.5955560736718e-08,7.082841396701856e-11,3.6606958149968705,0.4684377849989687,2.7882438160013407
s3_p10_NAA-GDP_l3_r0,3,10,0.018,3,0,11,True,2.071963791530769e-08,6.220592394498038e-11,5.132138658998883,0.462851979998959,4.275394256001164
s3_p10_NAA-GDP_l3_r1,3,10,0.018,3,1,11,True,2.0548384610557554e-08,6.161061807096211e-11,5.116116802000761,0.44698475299810525,4.274635178000608
s3_p10_NAA-GDP_l3_r2,3,10,0.018,3,2,11,True,2.086992452401442e-08,6.264671505236594e-11,5.123610728998756,0.45695957399948384,4.269497560999298
s3_p10_NAA-GDP_l3_r3,3,10,0.018,3,3,11,True,2.0880651237392367e-08,6.270831037702458e-11,5.1369746630007285,0.469109040001058,4.272255706000578
s3_p10_NAA-GDP_l4_r0,3,10,0.024,4,0,16,True,5.875693310045887e-08,3.2430005196378196e-10,6.942210986002465,0.45072888000140665,6.1031387870025355
s3_p10_NAA-GDP_l4_r1,3,10,0.024,4,1,16,True,5.951446153650579e-08,3.2881625981611387e-10,6.953934671000752,0.4631028559997503,6.105985460999364
s3_p10_NAA-GDP_l4_r2,3,10,0.024,4,2,16,True,5.8841915093515555e-08,3.24208851464115e-10,6.977278738999303,0.46873073800088605,6.118284127001971
s3_p10_NAA-GDP_l4_r3,3,10,0.024,4,3,16,True,6.356087344544004e-08,3.5275653107536523e-10,6.948792956998659,0.4563274829997681,6.105011452000326
s3_p10_NAA-GDP_l5_r0,3,10,0.03,5,0,28,True,5.605000805169077e-08,4.967105880616442e-10,11.380053592998593,0.44663029499861295,10.550238309999258
s3_p10_NAA-GDP_l5_r1,3,10,0.03,5,1,27,True,9.82111674032326e-08,8.696831039121536e-10,10.983522053997149,0.4492168059987307,10.153073014000256
s3_p10_NAA-GDP_l5_r2,3,10,0.03,5,2,28,True,6.032577448347947e-08,5.374250393052278e-10,11.332861507999041,0.4501556969989906,10.500023057000362
s3_p10_NAA-GDP_l5_r3,3,10,0.03,5,3,27,True,9.54436864405658e-08,8.432196394143783e-10,10.967476595997141,0.4594384949996311,10.12727213800099
s3_p10_NAA-GDP_l6_r0,3,10,0.036,6,0,74,True,9.592915274831129e-08,1.2592885407904478e-09,28.34410956300053,0.4556170130017563,27.510229096998955
s3_p10_NAA-GDP_l6_r1,3,10,0.036,6,1,68,True,9.733552361022764e-08,1.247513116704341e-09,26.08530578999853,0.43933331099833595,25.26653728999736
s3_p10_NAA-GDP_l6_r2,3,10,0.036,6,2,71,True,9.329337441132093e-08,1.208669907907835e-09,27.24708520400236,0.45840040300026885,26.40690275900124
s3_p10_NAA-GDP_l6_r3,3,10,0.036,6,3,69,True,9.824384613611289e-08,1.2593860333573371e-09,26.431203059000836,0.451601255001151,25.601155829001073
s3_p10_NAA-GDP_l7_r0,3,10,0.042,7,0,500,False,0.011805254216319169,0.0001861072366997296,186.04127549400073,0.4302664269998786,185.23568353299925
s3_p10_NAA-GDP_l7_r1,3,10,0.042,7,1,500,False,0.009302621401074322,0.0001465734696493946,186.0112471800021,0.4259150200014119,185.21230600499985
s3_p10_NAA-GDP_l7_r2,3,10,0.042,7,2,500,False,0.014077239515415394,0.00022322132992910363,186.3596376429996,0.44243333600024926,185.54189509500065
s3_p10_NAA-GDP_l7_r3,3,10,0.042,7,3,500,False,0.015183495513728574,0.00024046070690450017,186.10865848200046,0.4277071349970356,185.30519892200027
s3_p10_NAA-GDP_l8_r0,3,10,0.048,8,0,500,False,0.025673558605156695,0.0004046985411900618,186.10798759599857,0.4376745289991959,185.29481260600005
s3_p10_NAA-GDP_l8_r1,3,10,0.048,8,1,500,False,0.026223791089015236,0.0004138653028257695,185.9881211489992,0.436316004001128,185.17470884399881
s3_p10_NAA-GDP_l8_r2,3,10,0.048,8,2,500,False,0.015452980645325114,0.0002440495925049743,186.33481031300107,0.4400084570006584,185.51272093700027
s3_p10_NAA-GDP_l8_r3,3,10,0.048,8,3,500,False,0.021668906805854458,0.00034150171813056285,186.239006607997,0.4365288779990806,185.42432924100285
s3_p10_NAA-GDP_l9_r0,3,10,0.054,9,0,500,False,0.024822450275775485,0.00039118495563629366,186.74300881399904,0.42594443900088663,185.93784797199987
s3_p10_NAA-GDP_l9_r1,3,10,0.054,9,1,500,False,0.017407444561588152,0.00027506783908487655,186.66045743999712,0.44423635699786246,185.83820680800272
s3_p10_NAA-GDP_l9_r2,3,10,0.054,9,2,500,False,0.023116996495255778,0.0003645990659950934,186.8335771790007,0.4419939660001546,186.0124556940027
s3_p10_NAA-GDP_l9_r3,3,10,0.054,9,3,500,False,0.018785221537989866,0.0002968380759313785,186.60627303300134,0.436559573001432,185.79047875500328
s3_p10_NAA-GDP_l10_r0,3,10,0.06,10,0,500,False,0.02086079129803517,0.00032898283043933586,186.78851878700152,0.4396074030009913,185.97099539199917
s3_p10_NAA-GDP_l10_r1,3,10,0.06,10,1,500,False,0.023945350375631703,0.0003777579396024758,186.80282242799876,0.4332759700009774,185.98582259999966
s3_p10_NAA-GDP_l10_r2,3,10,0.06,10,2,500,False,0.02580999618913823,0.0004074774281098797,186.904874292999,0.45074810400183196,186.07420363799974
s3_p10_NAA-GDP_l10_r3,3,10,0.06,10,3,500,False,0.022408208418325908,0.00035343191638653433,186.88776119600152,0.4301525290029531,186.07631699000194
s4_p10_NAA-GDP_l1_r0,4,10,0.006,1,0,5,True,8.75427412866872e-09,2.62606760650267e-12,3.029152928997064,0.5056351610001002,2.099233426997671
s4_p10_NAA-GDP_l1_r1,4,10,0.006,1,1,5,True,8.783281285775493e-09,2.635126421671501e-12,3.0478241380005784,0.5078485279991583,2.1090181960025802
s4_p10_NAA-GDP_l1_r2,4,10,0.006,1,2,5,True,8.905361388995797e-09,2.675326884669135e-12,3.0304422340013843,0.5028602579986909,2.0996290580005734
s4_p10_NAA-GDP_l1_r3,4,10,0.006,1,3,5,True,8.765422700397662e-09,2.6243033188723284e-12,3.0209169079971616,0.4885606349998852,2.1028762010028004
s4_p10_NAA-GDP_l2_r0,4,10,0.012,2,0,7,True,5.6832286452797384e-08,7.216231826786085e-11,3.681603939003253,0.4857513020033366,2.7911080680023588
s4_p10_NAA-GDP_l2_r1,4,10,0.012,2,1,7,True,5.673281936739094e-08,7.197004165338056e-11,3.665821001999575,0.46530773199992836,2.7921768449996307
s4_p10_NAA-GDP_l2_r2,4,10,0.012,2,2,7,True,5.60372735263318e-08,7.101860726462386e-11,3.683617767001124,0.4813874270002998,2.796894864000933
s4_p10_NAA-GDP_l2_r3,4,10,0.012,2,3,7,True,5.689709552942698e-08,7.23152889749527e-11,3.6780949259991758,0.48011642200071947,2.7931488930007617
s4_p10_NAA-GDP_l3_r0,4,10,0.018,3,0,11,True,2.1401869173171098e-08,6.45517325242662e-11,5.126155564998044,0.4534000029998424,4.276632681001502
s4_p10_NAA-GDP_l3_r1,4,10,0.018,3,1,11,True,2.1251763908370578e-08,6.398645693227749e-11,5.1331521889987926,0.4720745849990635,4.266783156999736
s4_p10_NAA-GDP_l3_r2,4,10,0.018,3,2,11,True,2.116135863423393e-08,6.372518370097345e-11,5.1327266929984035,0.45448137399944244,4.281812869998248
s4_p10_NAA-GDP_l3_r3,4,10,0.018,3,3,11,True,2.0525839161917656e-08,6.151398259215596e-11,5.139993822998804,0.4763479079992976,4.270777060999535
s4_p10_NAA-GDP_l4_r0,4,10,0.024,4,0,16,True,5.653156332328707e-08,3.111444025482377e-10,6.947126531002141,0.45807379799953196,6.10071040999901
s4_p10_NAA-GDP_l4_r1,4,10,0.024,4,1,16,True,5.9177883069868176e-08,3.260124868540557e-10,6.95644368399735,0.4681729980002274,6.096917390001181
s4_p10_NAA-GDP_l4_r2,4,10,0.024,4,2,16,True,5.479283917122876e-08,3.007805577907634e-10,6.931705566003075,0.4550678550003795,6.0889904069990735
s4_p10_NAA-GDP_l4_r3,4,10,0.024,4,3,16,True,6.047084839062498e-08,3.3361079397245016e-10,6.950226901997667,0.4445417879978777,6.116115005999745
s4_p10_NAA-GDP_l5_r0,4,10,0.03,5,0,27,True,8.04521500961969e-08,7.041087723286264e-10,10.982491636001214,0.46025237399953767,10.138576724999439
s4_p10_NAA-GDP_l5_r1,4,10,0.03,5,1,28,True,5.6688435152316086e-08,5.032288440351585e-10,11.376349341000605,0.43797399699906236,10.553290792999178
s4_p10_NAA-GDP_l5_r2,4,10,0.03,5,2,27,True,9.528825921116375e-08,8.406044914748041e-10,10.970579003998864,0.450407278000057,10.138394951998634
s4_p10_NAA-GDP_l5_r3,4,10,0.03,5,3,27,True,8.190363143966152e-08,7.187043883115694e-10,10.991121840001142,0.45952696400127024,10.151101014998858
s4_p10_NAA-GDP_l6_r0,4,10,0.036,6,0,69,True,8.504864787795265e-08,1.0964411551075532e-09,26.52067541299766,0.43338852399756433,25.70789630499712
s4_p10_NAA-GDP_l6_r1,4,10,0.036,6,1,70,True,8.205911072700558e-08,1.0589356003569532e-09,26.81466711699977,0.43838467599925934,26.00031380799919
s4_p10_NAA-GDP_l6_r2,4,10,0.036,6,2,73,True,8.483817129387445e-08,1.0992786210989812e-09,28.021886929000175,0.4583781090004777,27.185286087998975
s4_p10_NAA-GDP_l6_r3,4,10,0.036,6,3,70,True,9.005806195083449e-08,1.1615377389651823e-09,26.87070750899875,0.4363164649985265,26.057141032997606
s4_p10_NAA-GDP_l7_r0,4,10,0.042,7,0,500,False,0.010024837712291266,0.00015819418906561842,185.7369215559993,0.4369142550021934,184.92610948199945
s4_p10_NAA-GDP_l7_r1,4,10,0.042,7,1,500,False,0.015376363670922247,0.00024310691887087187,185.85295580800084,0.4527874660016096,185.02166767699964
s4_p10_NAA-GDP_l7_r2,4,10,0.042,7,2,500,False,0.005033743831976497,7.92656730243402e-05,186.24564894099967,0.454726733998541,185.41494018800222
s4_p10_NAA-GDP_l7_r3,4,10,0.042,7,3,500,False,0.012618985212353207,0.00019984389180573186,185.89170874800038,0.4259971270003007,185.08802063200346
s4_p10_NAA-GDP_l8_r0,4,10,0.048,8,0,500,False,0.017362409634139927,0.00027421784251960383,186.3914173259982,0.43171592599901487,185.58054107000135
s4_p10_NAA-GDP_l8_r1,4,10,0.048,8,1,500,False,0.02101889940078245,0.0003316104761671926,186.07188508000036,0.42596939700160874,185.27054624100128
s4_p10_NAA-GDP_l8_r2,4,10,0.048,8,2,500,False,0.01910067298662028,0.0003016867862509683,186.0732725859998,0.4497358170010557,185.2433289440014
s4_p10_NAA-GDP_l8_r3,4,10,0.048,8,3,500,False,0.020116994548586804,0.00031758065544335414,186.268333177999,0.4229263359993638,185.46468655599892
s4_p10_NAA-GDP_l9_r0,4,10,0.054,9,0,500,False,0.0269309434632058,0.00042503910259674083,186.7009266069981,0.4208988370010047,185.90234923800017
s4_p10_NAA-GDP_l9_r1,4,10,0.054,9,1,500,False,0.02347180845145585,0.00037018885938710485,186.4293675379995,0.4437544579996029,185.60314868099886
s4_p10_NAA-GDP_l9_r2,4,10,0.054,9,2,500,False,0.027566146042338893,0.00043551445920768795,186.59024951099855,0.42533741800070857,185.7849947169998
s4_p10_NAA-GDP_l9_r3,4,10,0.054,9,3,500,False,0.02265157188981624,0.0003570335099078408,186.55732458000057,0.4204048329993384,185.75640806900265
s4_p10_NAA-GDP_l10_r0,4,10,0.06,10,0,500,False,0.022484040985452293,0.0003541595322586114,186.90328991299975,0.43350640700009535,186.09112932199787
s4_p10_NAA-GDP_l10_r1,4,10,0.06,10,1,500,False,0.030638063424626164,0.0004831360637355826,186.76522115999978,0.44615992399849347,185.94219091299965
s4_p10_NAA-GDP_l10_r2,4,10,0.06,10,2,500,False,0.02562145793589128,0.0004040182983132762,186.918401146002,0.4278523499997391,186.11269052900025
s4_p10_NAA-GDP_l10_r3,4,10,0.06,10,3,500,False,0.02709543021773642,0.0004274672628382186,186.74978380599714,0.4511773099984566,185.91998241000329
