method,participant_count,noise_scale,n_seeds,final,balanced_accuracy_mean,balanced_accuracy_seed_sd,linkage_rate_mean,linkage_rate_seed_sd,fit_seconds_mean,fit_seconds_seed_sd,alignment_seconds_mean,alignment_seconds_seed_sd
AA-GDP,2,0.0,5,True,0.846910585550812,0.010575473818056319,0.7487999999999999,0.012275992831539136,0.9753188111995769,0.10999733888036514,0.0,0.0
AA-GDP,5,0.0,5,True,0.8694421916920636,0.014345308678415266,0.7487999999999999,0.012275992831539136,2.3800277629999984,0.5435397186567942,0.0,0.0
AA-GDP,10,0.0,5,True,0.8781931039689095,0.005690184395928326,0.7487999999999999,0.012275992831539136,4.058246601799874,0.754847293527604,0.0,0.0
AA-GDP,20,0.0,5,True,0.8855609668664919,0.0019133465990176708,0.7487999999999999,0.012275992831539136,9.43286493839987,0.7613052344210025,0.0,0.0
AA-GDP,50,0.0,5,True,0.8885499158521867,0.0015727568285594958,0.7487999999999999,0.012275992831539136,21.900989759799632,6.768346622591522,0.0,0.0
C-GDP,2,0.0,5,True,0.847640128462818,0.012885636012656309,0.7487999999999999,0.012275992831539136,1.1036042906001966,0.26551962898911474,0.0,0.0
C-GDP,5,0.0,5,True,0.8690764394214907,0.013562044483786088,0.7487999999999999,0.012275992831539136,2.330105466000714,0.46955573579467247,0.0,0.0
C-GDP,10,0.0,5,True,0.8804490084200991,0.00979433665610615,0.7487999999999999,0.012275992831539136,4.552944219000528,1.2015209560187614,0.0,0.0
C-GDP,20,0.0,5,True,0.8852197336260789,0.0031833571950898847,0.7487999999999999,0.012275992831539136,9.02950827659988,2.2018481666178094,0.0,0.0
C-GDP,50,0.0,5,True,0.8876466970465888,0.0023196373724222188,0.7487999999999999,0.012275992831539136,20.488808027598132,4.356082569242927,0.0,0.0
C-GDP-private-noise,10,0.3,5,True,0.8602752220362658,0.00663439456696639,0.59175,0.013654211804421413,4.017032836249564,0.48857442171424725,0.0,0.0
C-GDP-private-noise,10,0.6,5,True,0.8256974635557883,0.006446593115423437,0.40599999999999997,0.012037701192503482,3.3264471094996226,0.19223721369817073,0.0,0.0
C-GDP-private-noise,10,0.9,5,True,0.7910139742591791,0.008016286206431916,0.28430000000000005,0.014583166665714268,3.0529841930999284,0.19732939215882322,0.0,0.0
C-GDP-private-noise,10,1.2,5,True,0.7631413803346909,0.00719262361545509,0.21945,0.023349518196314027,2.699619396500384,0.12223633969337833,0.0,0.0
C-GDP-private-noise,10,1.5,5,True,0.7351083859687064,0.005670709954564435,0.18345,0.005685507892879936,2.4217816566495913,0.07475126712624479,0.0,0.0
C-GDP-private-noise,10,1.8,5,True,0.7115606354577417,0.00560351004594494,0.16945000000000002,0.004349568944159863,2.343449523199979,0.0724991350885899,0.0,0.0
C-GDP-private-noise,10,2.1,5,True,0.6928027749155797,0.011175842892071722,0.1549,0.016657018040453695,2.1736504421001883,0.04636938735949415,0.0,0.0
C-GDP-private-noise,10,2.4,5,True,0.6761258649576487,0.008063708693449622,0.14385,0.015682992380282527,2.114095224700077,0.03267102110743839,0.0,0.0
C-GDP-private-noise,10,2.7,5,True,0.6603237533134423,0.006744849708235576,0.12885,0.00979572610887013,2.068827824450227,0.04878478604032167,0.0,0.0
C-GDP-private-noise,10,3.0,5,True,0.6486283241139018,0.004851623772689206,0.1264,0.008266271831968751,2.0383725788999527,0.07044845761621485,0.0,0.0
I-GDP,2,0.0,5,True,0.8325809322865332,0.007061374911871002,,,0.8310772601998906,0.1690620251466887,0.0,0.0
I-GDP,5,0.0,5,True,0.8222141102202951,0.016756927570692692,,,2.183016222600054,0.2210996551700667,0.0,0.0
I-GDP,10,0.0,5,True,0.8203540164763072,0.012339670457181809,,,4.391441888000372,0.7885389028661507,0.0,0.0
I-GDP,20,0.0,5,True,0.8109504061453249,0.005944829742513691,,,9.708600072200351,1.3056069602854212,0.0,0.0
I-GDP,50,0.0,5,True,0.7912059244562663,0.005360431501594791,,,25.013491238799908,2.6459909027288977,0.0,0.0
Local-only,2,0.0,5,True,0.8408057417694964,0.014713586279937702,,,0.8671163289980541,0.1274070939024932,0.0,0.0
Local-only,5,0.0,5,True,0.8370322581799549,0.01131248025986394,,,2.131775167397245,0.12195844649944548,0.0,0.0
Local-only,10,0.0,5,True,0.8377137741628052,0.014352319667232407,,,4.292526456595624,0.4079823893139701,0.0,0.0
Local-only,20,0.0,5,True,0.8361592518715766,0.007372161269880913,,,8.504058021400306,0.5625376408784664,0.0,0.0
Local-only,50,0.0,5,True,0.8331521291372688,0.005554646220676394,,,21.182230235397945,1.2579880994137007,0.0,0.0
NAA-GDP,2,0.006,5,True,0.8456603419560629,0.007624865334543713,0.63695,0.01361111678004421,0.9751822398497098,0.1321679420978834,0.804635572950201,0.008416204327573668
NAA-GDP,2,0.012,5,True,0.8418395691823128,0.006642540067642947,0.47705000000000003,0.017068245369691645,1.0059400915498373,0.1730927779165827,1.0819174208001185,0.0015475109282476706
NAA-GDP,2,0.018,5,True,0.8421861784408315,0.0032405312656641995,0.33905,0.022473873720389177,0.8651694593500452,0.0590714292317982,1.729696120850076,0.015888506594736413
NAA-GDP,2,0.024,5,True,0.835337659221007,0.006689820480357412,0.26985000000000003,0.022139190364600065,1.0563379335497758,0.25264214967578885,4.1172488343498115,0.09294945689779201
NAA-GDP,2,0.03,5,True,0.8325016880418659,0.006040799605203022,0.2251,0.009441596792915901,0.9551676060001683,0.12920752030417934,36.44349095875036,2.4565564038808425
NAA-GDP,2,0.036,5,True,0.8354369688054593,0.007554920202694528,0.18845,0.0077669170202854685,1.0147540682998168,0.17332500127505968,38.0895915576501,0.06395693793608521
NAA-GDP,2,0.042,5,True,0.8233216538460993,0.012815286926901395,0.17415,0.010784247771634326,0.9300544254996111,0.11377709827662918,38.04886142594987,0.0541240729356576
NAA-GDP,2,0.048,5,True,0.8242299485234055,0.006390802038823112,0.13974999999999999,0.01038628903892049,1.0425154022496828,0.24397701119698545,38.09388422789991,0.05262279184222464
NAA-GDP,2,0.054,5,True,0.8264779011481421,0.006252967931842779,0.13410000000000002,0.00747203118301845,0.9352189777501281,0.15398037330273726,38.103722567700245,0.03860717858863083
NAA-GDP,2,0.06,5,True,0.8286865887103485,0.003492427175436702,0.12630000000000002,0.014223000738240867,0.9930622284497985,0.07262758376651708,38.10992062650011,0.020552867768211712
NAA-GDP,5,0.006,5,True,0.8626157589813476,0.015929886652923077,0.63695,0.01361111678004421,2.092325591000008,0.2755769337281656,1.5278452990501137,0.004280163613922761
NAA-GDP,5,0.012,5,True,0.8583631635930086,0.013312446744094819,0.47705000000000003,0.017068245369691645,2.279823319049865,0.35322628364228603,2.0469683569001065,0.006436173502788389
NAA-GDP,5,0.018,5,True,0.8535364300560577,0.014401155278701897,0.33905,0.022473873720389177,2.2173721118502727,0.28684274467618764,2.973118446450144,0.013109901153564679
NAA-GDP,5,0.024,5,True,0.8458826888304027,0.013871808053939687,0.26985000000000003,0.022139190364600065,2.429557621500271,0.25924270684226053,4.637699453250116,0.010902347960476084
NAA-GDP,5,0.03,5,True,0.8443479891494402,0.014196831020505264,0.2251,0.009441596792915901,2.1405324626502535,0.1469937299268271,10.43928906479996,0.13789861918376392
NAA-GDP,5,0.036,5,True,0.8326181073501125,0.013518210917050789,0.18845,0.0077669170202854685,2.1678163651495197,0.2781232497318125,93.9547771389999,0.07698035690529391
NAA-GDP,5,0.042,5,True,0.8248070909298895,0.012853639369723053,0.17415,0.010784247771634326,2.264879191800264,0.2826139806131388,93.93782415370019,0.0777186884802416
NAA-GDP,5,0.048,5,True,0.8235654696214212,0.009623202284362945,0.13974999999999999,0.01038628903892049,2.305937857499589,0.30899958385478504,94.17632234539967,0.06369446279677735
NAA-GDP,5,0.054,5,True,0.824629711011306,0.009708681453232438,0.13410000000000002,0.00747203118301845,2.457140743900254,0.20333269912551272,94.2279930352501,0.020728536067457306
NAA-GDP,5,0.06,5,True,0.8218475948944295,0.012305050975979122,0.12630000000000002,0.014223000738240867,2.385626160100378,0.2964448868054171,94.28504252595027,0.06297462860972389
NAA-GDP,10,0.006,5,True,0.8782911089904146,0.004347565088560777,0.63695,0.01361111678004421,4.367525680050039,0.4979392536898118,3.0246285099497983,0.011797324560801868
NAA-GDP,10,0.012,5,True,0.8718731239904131,0.005880843666025261,0.47705000000000003,0.017068245369691645,4.098459651499661,0.2405791209902351,3.6705348976498953,0.0069691817859970475
NAA-GDP,10,0.018,5,True,0.865922320359406,0.004658515088057089,0.33905,0.022473873720389177,3.8132344889996603,0.18220554954566712,5.132614874649789,0.00721871729607547
NAA-GDP,10,0.024,5,True,0.8590943681464889,0.006302628955415909,0.26985000000000003,0.022139190364600065,3.97016331474988,0.29363157821845826,6.948743481650081,0.007347343932759411
NAA-GDP,10,0.03,5,True,0.8522456585581317,0.005062727223235493,0.2251,0.009441596792915901,3.822566673550182,0.29260032655850776,11.049756751599807,0.07968000855445567
NAA-GDP,10,0.036,5,True,0.8441676778655509,0.005461880906362465,0.18845,0.0077669170202854685,4.10874355174974,0.3728611296854278,27.058860692750024,0.4813555457111964
NAA-GDP,10,0.042,5,True,0.8330505000189927,0.007265626102902476,0.17415,0.010784247771634326,4.433972611200124,0.7752016352862834,185.9331763996001,0.12961701397204536
NAA-GDP,10,0.048,5,True,0.82949252909526,0.007594302152031841,0.13974999999999999,0.01038628903892049,4.518469814100013,0.36566142018466624,186.1981195419997,0.027150493519253506
NAA-GDP,10,0.054,5,True,0.8254303274703046,0.0071274327670318135,0.13410000000000002,0.00747203118301845,4.841683302599813,0.2823588589831683,186.63862459764954,0.05291066696752102
NAA-GDP,10,0.06,5,True,0.8237213136220894,0.00871849194349738,0.12630000000000002,0.014223000738240867,4.634629935800194,0.5687754600029399,186.81023014834986,0.11281444800152157
NAA-GDP,20,0.006,5,True,0.8796208410605862,0.002908266115638645,0.63695,0.01361111678004421,8.247678472650069,1.670900144689134,5.9716954033497585,0.01279879693890888
NAA-GDP,20,0.012,5,True,0.8740348273615263,0.002135575508398925,0.47705000000000003,0.017068245369691645,8.291665125999998,0.8694045261327502,7.273712210700341,0.01345039831587142
NAA-GDP,20,0.018,5,True,0.8681117109068219,0.0037692014011956577,0.33905,0.022473873720389177,8.164918450049663,1.2657027975727824,8.636208974349847,0.010927733353176873
NAA-GDP,20,0.024,5,True,0.8613273066788615,0.003975171882638429,0.26985000000000003,0.022139190364600065,8.017441135899707,1.0249306290002183,11.530993083250042,0.013654519514006763
NAA-GDP,20,0.03,5,True,0.8543381977948495,0.0034447846298547653,0.2251,0.009441596792915901,7.461131289150307,0.8908396780614163,15.845986818899792,0.012880355556369096
NAA-GDP,20,0.036,5,True,0.8463663021149591,0.004470391018594124,0.18845,0.0077669170202854685,7.879454638349853,0.5845112156562904,26.075243256649856,0.07160831520118262
NAA-GDP,20,0.042,5,True,0.83686378307684,0.002951546860023597,0.17415,0.010784247771634326,8.026794564200282,0.6958357257657284,106.18378294914996,10.852444268561255
NAA-GDP,20,0.048,5,True,0.8296509914610473,0.0034469488410589573,0.13974999999999999,0.01038628903892049,8.109757548649963,0.457535395748351,369.2750937500999,0.17773698487584833
NAA-GDP,20,0.054,5,True,0.8209282045059707,0.0036228658077112276,0.13410000000000002,0.00747203118301845,8.996365115350295,0.5824157616960604,369.8296225135002,0.10746360743050858
NAA-GDP,20,0.06,5,True,0.81856920874311,0.002024970399846002,0.12630000000000002,0.014223000738240867,9.590755536799724,1.1282460267284875,370.5015038992997,0.14794255153006386
NAA-GDP,50,0.006,5,True,0.8818049744355478,0.001694379860151073,0.63695,0.01361111678004421,20.547193343250182,3.137538429523678,12.788488005499811,0.009782614996075517
NAA-GDP,50,0.012,5,True,0.8749719174913191,0.0023323780214178393,0.47705000000000003,0.017068245369691645,19.140193706700256,2.596879648752929,16.160286845399423,0.007683964187651298
NAA-GDP,50,0.018,5,True,0.8696314868718042,0.0011686479368281893,0.33905,0.022473873720389177,18.6321547476502,2.0759055708123895,19.600467062349253,0.010008569582635437
NAA-GDP,50,0.024,5,True,0.8629461431564304,0.0020121935367811154,0.26985000000000003,0.022139190364600065,18.866605048350312,0.8844465871467014,24.942566419649303,0.012647314929645995
NAA-GDP,50,0.03,5,True,0.8542358694623507,0.0021694434856440624,0.2251,0.009441596792915901,18.28700000415006,1.551887079661071,32.02204670934962,0.010238289481618925
NAA-GDP,50,0.036,5,True,0.8470751715209694,0.0029095366626333934,0.18845,0.0077669170202854685,18.37505986650035,1.0108127987814381,42.70233226374948,0.013439380020595425
NAA-GDP,50,0.042,5,True,0.8396558678914108,0.001954938834023691,0.17415,0.010784247771634326,18.62117200744988,1.8298255355633632,74.67380550245034,2.0727861170029196
NAA-GDP,50,0.048,5,True,0.8296097315702046,0.0025308542969191584,0.13974999999999999,0.01038628903892049,19.649794307951048,1.6988137774383543,914.2902181775004,7.636112501576857
NAA-GDP,50,0.054,5,True,0.8201571141816373,0.002209666343621615,0.13410000000000002,0.00747203118301845,21.616208814650008,1.6951365490239125,916.2363160267503,0.14141181460873595
NAA-GDP,50,0.06,5,True,0.8127113721839994,0.0035961726790495006,0.12630000000000002,0.014223000738240867,23.054865260899078,0.6729610886940529,916.8324414727995,0.09111981066403503
