p,draw,anchor_v,test_balanced_accuracy,op_cross_image_identity_top1,gpm_converged,gpm_iterations,gpm_elapsed_seconds,runtime_seconds
20,0,0.0495594628249745,0.7240031030424083,0.141,False,500,374.62344597599986,381.22660295000014
20,1,0.04396499917716747,0.7627465492028391,0.155,False,500,374.67911685299987,381.2698329760001
20,2,0.019262627278977082,0.8269002950183176,0.377,True,10,9.828973501999826,16.444770536000306
20,3,0.038235102644666265,0.78506272323817,0.171,True,45,35.611092976000236,42.0920280119999
20,4,0.013949728559156355,0.8401659286962636,0.363,True,7,7.641385538000122,14.165174322999974
20,5,0.018675980730825204,0.8423454465782461,0.287,True,10,9.842968539999674,16.411919563999618
20,6,0.04329645123738483,0.7696997335154057,0.175,False,500,374.51097868900024,381.06296592000035
20,7,0.02480042143750537,0.8254952639114639,0.227,True,14,12.783688266999889,19.391691613000148
20,8,0.03935536870109927,0.776293698632929,0.18,True,57,44.50303820499994,50.98627176700029
20,9,0.005109345533024501,0.8597994232111648,0.692,True,4,5.62238471099954,12.187375638999583
20,10,0.04782840198792431,0.7430926734570134,0.195,False,500,374.5867600319998,381.03553140199983
20,11,0.010402736635964012,0.8544455286127006,0.523,True,6,7.004681741999775,13.466849428999922
20,12,0.02898516374569686,0.79939646079925,0.219,True,18,15.65916807800022,22.167136040000514
20,13,0.022879982232627268,0.8218323745662619,0.222,True,12,11.279436521000207,17.78567228099928
20,14,0.0467767881704262,0.7376782720792423,0.116,False,500,374.48433056199974,380.9812910270002
20,15,0.040194250103207006,0.7766624715299681,0.189,True,68,52.70341844199993,59.183373081000354
20,16,0.03350827841578113,0.8047038607146679,0.159,True,26,21.507251601000462,28.003689133999615
20,17,0.047692347764164894,0.7456135769569803,0.109,False,500,374.19639179299975,380.6983692650001
20,18,0.013628596195554272,0.84578223164288,0.38,True,7,7.655980593000095,14.163664990999678
20,19,0.0284360326895544,0.8126385286789395,0.237,True,17,14.956199610000112,21.694716541999696
20,20,0.034405128398314035,0.8067973952786878,0.139,True,28,23.01905634600007,29.577956571999493
20,21,0.03711847012530063,0.7790088607401444,0.112,True,38,30.39445155499925,36.90571026299949
20,22,0.006425171770536886,0.8591994507258266,0.629,True,5,6.397241946000577,12.928293067000595
20,23,0.04921426272620466,0.7315148604649977,0.147,False,500,374.20755201299926,380.83913727100025
20,24,0.042407902513210576,0.7690749214048782,0.139,True,150,113.79553640800077,120.32492733100025
20,25,0.028221700121656975,0.8096615951370383,0.232,True,17,14.8999127269999,21.47903927599964
20,26,0.0351262713940037,0.7970067614733591,0.172,True,30,24.443955906000156,30.982652423000218
20,27,0.0009885051605430073,0.870182386540235,0.772,True,3,5.2360253970000485,11.744648189000145
20,28,0.0194335603657685,0.8377494790047845,0.36,True,10,9.834392922000006,16.414691402000244
20,29,0.02381358871308948,0.8211878181382765,0.285,True,13,11.985409247000462,18.44771008099997
20,30,0.03947677736802049,0.7553972047141787,0.157,True,57,44.51380230099949,51.046524729999874
20,31,0.013135956365497303,0.8538347285984337,0.407,True,7,7.662501058000089,14.23037880999982
20,32,0.042564049239882676,0.7532081331302004,0.136,True,161,121.90462911099985,128.37445633400057
20,33,0.04010396203440729,0.7648961321519013,0.154,True,72,55.699284285999966,62.13093053600005
20,34,0.02750062089887195,0.8134900819835014,0.252,True,16,14.175189906999549,20.76247024999975
20,35,0.04409952158630012,0.7513457981544795,0.145,False,500,374.8755553680003,381.3959062699996
20,36,0.02106400786461379,0.8339827727645611,0.321,True,11,10.554670874999829,17.063324765999823
20,37,0.008428554153153951,0.8653940710999241,0.612,True,5,6.287928374999865,12.772973259000537
20,38,0.028171705026282103,0.8165014088525877,0.2,True,17,14.932884926000042,21.511900878000233
20,39,0.04708572817477053,0.7325173622610938,0.133,False,500,373.6554969730005,380.1601251080001
20,40,0.04662530146715419,0.7474287803361883,0.178,False,500,374.400912307,380.95766264099984
20,41,0.024136572077005893,0.8288938341681146,0.188,True,13,12.00542815999961,18.571854829000586
20,42,0.03682344413593674,0.7940763226145043,0.149,True,37,29.637422863999745,36.23260552099964
20,43,0.04278153967645628,0.7680189188776056,0.195,True,218,164.24263608100046,170.7612343259998
20,44,0.0008027352578978963,0.8698913170860954,0.771,True,3,5.28100852300031,11.845331577000252
20,45,0.03299508581626747,0.8105863934902349,0.217,True,24,20.051925363999544,26.83742777899988
20,46,0.032108458062450954,0.7983672086375657,0.156,True,23,19.32524149100027,25.815528116000678
20,47,0.0391475933267296,0.7766331735105141,0.185,True,52,40.715525517999595,47.18212234100065
20,48,0.026958137978958463,0.8177153659195247,0.263,True,16,14.202095222000025,20.716119062999496
20,49,0.011061942939924374,0.8550302151748455,0.433,True,6,6.9579621749999205,13.558029212999827
20,50,0.03081230546270491,0.8142900452972857,0.253,True,21,17.8576742740006,24.418779378999716
20,51,0.031051500197760984,0.7965303502005003,0.189,True,21,17.79680364700107,24.311583035000695
20,52,0.03809095629732446,0.7758402162448601,0.204,True,44,34.85591726699931,41.37988867999957
20,53,0.018325149176105872,0.837712538023734,0.288,True,9,9.068754750000153,15.541722869998921
20,54,0.044822840587163126,0.7517024696956573,0.17,False,500,374.19074004400136,380.69627578699874
20,55,0.04575305816530298,0.7587155238740644,0.203,False,500,374.3073497869991,380.8727862860014
20,56,0.0065039405802005575,0.8582408959589114,0.659,True,5,6.394382417000088,12.957844608999949
20,57,0.023274373060985443,0.8276473945143917,0.255,True,13,12.07855186300003,18.664879934000055
20,58,0.008530240810500734,0.8544225997279106,0.635,True,6,7.102924009001072,13.662701843999457
20,59,0.021682894454991643,0.8296294692217936,0.198,True,11,10.555498510000689,17.226068088999455
20,60,0.029037968351299216,0.8169778201254465,0.207,True,18,15.659699603998888,22.251003037001283
20,61,0.03520120679535913,0.7853563403461752,0.13,True,30,24.497959061000074,30.97247638599947
20,62,0.012819074337452342,0.8478744923799673,0.426,True,7,7.7091110900000785,14.588912303999678
20,63,0.0025346629594676707,0.8625884672804813,0.75,True,3,5.012880653999673,11.62406285399993
20,64,0.017565764252873622,0.8357432015856598,0.401,True,9,9.108240179999484,15.728245002999756
20,65,0.011871841931955862,0.8484031305570701,0.408,True,7,7.734034057999452,14.280192598000212
20,66,0.0005240345995540908,0.8747898185560916,0.78,True,2,4.42387256999973,11.05525885499992
20,67,0.03305597476943875,0.7989079481705297,0.203,True,25,20.851334850000057,27.375679867000144
20,68,0.04567109155109981,0.7544787754956461,0.112,False,500,374.203810985,380.79734721800014
20,69,0.02619427602647381,0.8169937429621061,0.203,True,15,13.4595629129999,20.099164960000053
20,70,0.0428935642412001,0.7575372339612452,0.158,True,244,183.75569787700078,190.36824324600093
20,71,0.01991336678015339,0.8274830708400633,0.219,True,10,9.827771542999471,16.5254026599996
20,72,0.010015190632678212,0.856797013130608,0.579,True,6,7.015958353000315,13.581599598999674
20,73,0.04935606763134266,0.7308008804691759,0.143,False,500,373.83151980299954,380.38825350799925
20,74,0.04312946386914844,0.7641477588288945,0.158,True,391,293.78475615000025,300.3152944989997
20,75,0.043732534573625005,0.747339612450894,0.139,False,500,373.90751903099954,380.3554222249986
20,76,0.015585154486962195,0.84410141700508,0.441,True,8,8.38239351700031,15.183451721000893
20,77,0.01856357224046737,0.8325943014078335,0.345,True,10,9.866693977999603,16.50904878899928
20,78,0.03283383223360559,0.7939750533733485,0.194,True,24,20.052516043999276,26.54724051300036
20,79,0.04927531659674179,0.741059008758834,0.13,False,500,373.65643119299966,380.2172670600012
20,80,0.004590622869174172,0.8602764713974901,0.704,True,4,5.644422145000135,12.170074741001372
20,81,0.026444791596642377,0.8216642294111353,0.213,True,15,13.417958478999935,19.93046513000081
20,82,0.02738945481945858,0.8070222257323232,0.205,True,16,14.196457025998825,20.736405039999227
20,83,0.014518857209069792,0.8442523654966142,0.412,True,8,8.43346006200045,14.9233640679995
20,84,0.037785846978643435,0.7622898822474383,0.153,True,42,33.40650214299967,39.99030868000045
20,85,0.04929407578294133,0.7300353104825765,0.16,False,500,374.2104876789999,380.8267216860004
20,86,0.038717846909705,0.7708659220723636,0.135,True,49,38.63862014000006,45.16855027699967
20,87,0.010435328661605032,0.8507208586612589,0.482,True,6,7.002725484999246,13.65326031999939
20,88,0.047432124208356796,0.7484300083053517,0.112,False,500,373.81862862699927,380.55669183100144
20,89,0.0038770199078831504,0.8629655200525836,0.716,True,4,5.735531488999186,12.335587407000276
20,90,0.0034796882189717495,0.8642501745142898,0.715,True,4,5.744789406999189,12.343725800999891
20,91,0.039047365961631754,0.7722671316984189,0.151,True,53,41.59138633099974,48.164584628999364
20,92,0.03806430430265811,0.793905629805512,0.162,True,44,34.8419739810015,41.311786301999746
20,93,0.028000667378992823,0.8100048914954219,0.244,True,17,14.959625720000986,21.494380265001382
20,94,0.04846676073898943,0.7230916798720058,0.208,False,500,374.4526755570005,381.05785594999907
20,95,0.002465947848271871,0.8598643883847366,0.745,True,3,4.989014651999241,11.553849243999139
20,96,0.004581084391127643,0.8592733326879276,0.726,True,4,5.66946948199984,12.204492089000269
20,97,0.026443331849620607,0.8021574806760454,0.202,True,15,13.492035698000109,20.11117191499943
20,98,0.021806419646552135,0.8287231413591224,0.328,True,12,11.3330049340002,17.78892070800066
20,99,0.0043798878030518575,0.861424826377389,0.724,True,4,5.706631003999064,12.433795934000955
