run_id,outer_seed,participant_count,noise_scale,realization,gpm_converged,gpm_iterations,gpm_last_step,alignment_seconds
s0_p5_NAA-GDP_l10_r0,0,5,0.06,0,False,500.0,0.008808907920082348,94.30552777999992
s0_p5_NAA-GDP_l10_r1,0,5,0.06,1,False,500.0,0.009186520298695254,94.02041709900004
s0_p5_NAA-GDP_l10_r2,0,5,0.06,2,False,500.0,0.008886322594123103,94.05041050199998
s0_p5_NAA-GDP_l10_r3,0,5,0.06,3,False,500.0,0.007646046994190352,94.267543724
s0_p5_NAA-GDP_l1_r0,0,5,0.006,0,True,5.0,3.1482832699861956e-08,1.7367854929999567
s0_p5_NAA-GDP_l1_r1,0,5,0.006,1,True,5.0,3.094323245935388e-08,1.501086201000021
s0_p5_NAA-GDP_l1_r2,0,5,0.006,2,True,5.0,3.079182626771147e-08,1.5468004870000414
s0_p5_NAA-GDP_l1_r3,0,5,0.006,3,True,5.0,3.1381259476916886e-08,1.5174543120000408
s0_p5_NAA-GDP_l2_r0,0,5,0.012,0,True,8.0,4.160633536845936e-08,2.036742712000091
s0_p5_NAA-GDP_l2_r1,0,5,0.012,1,True,8.0,4.1141785057485055e-08,2.040141187999893
s0_p5_NAA-GDP_l2_r2,0,5,0.012,2,True,8.0,4.020079727321239e-08,2.036258554000028
s0_p5_NAA-GDP_l2_r3,0,5,0.012,3,True,8.0,4.0877617800700924e-08,2.0436451269999907
s0_p5_NAA-GDP_l3_r0,0,5,0.018,0,True,13.0,3.376567884480077e-08,2.9473252889999912
s0_p5_NAA-GDP_l3_r1,0,5,0.018,1,True,13.0,3.282568451839441e-08,2.951915928000062
s0_p5_NAA-GDP_l3_r2,0,5,0.018,2,True,13.0,3.317676451146984e-08,2.9589814039999283
s0_p5_NAA-GDP_l3_r3,0,5,0.018,3,True,13.0,3.43509862804509e-08,2.9574399709999852
s0_p5_NAA-GDP_l4_r0,0,5,0.024,0,True,22.0,6.50385861207537e-08,4.629991799999971
s0_p5_NAA-GDP_l4_r1,0,5,0.024,1,True,22.0,8.031352277794997e-08,4.619655239000053
s0_p5_NAA-GDP_l4_r2,0,5,0.024,2,True,22.0,7.620879673954459e-08,4.614505762000022
s0_p5_NAA-GDP_l4_r3,0,5,0.024,3,True,22.0,7.498978494333532e-08,4.606368449999991
s0_p5_NAA-GDP_l5_r0,0,5,0.03,0,True,52.0,8.462890330932188e-08,10.23263384300003
s0_p5_NAA-GDP_l5_r1,0,5,0.03,1,True,51.0,9.282876946752384e-08,10.039133367999966
s0_p5_NAA-GDP_l5_r2,0,5,0.03,2,True,57.0,8.361704500221758e-08,11.147048307000091
s0_p5_NAA-GDP_l5_r3,0,5,0.03,3,True,54.0,8.788066933010554e-08,10.609908588000053
s0_p5_NAA-GDP_l6_r0,0,5,0.036,0,False,500.0,3.066622866269923e-05,94.01470131699989
s0_p5_NAA-GDP_l6_r1,0,5,0.036,1,False,500.0,0.002263172744772451,93.86305671500008
s0_p5_NAA-GDP_l6_r2,0,5,0.036,2,False,500.0,0.0012107877758183096,93.93629852000004
s0_p5_NAA-GDP_l6_r3,0,5,0.036,3,False,500.0,0.0056798802777270375,93.91577019500005
s0_p5_NAA-GDP_l7_r0,0,5,0.042,0,False,500.0,0.008532479581019287,93.82551170500005
s0_p5_NAA-GDP_l7_r1,0,5,0.042,1,False,500.0,0.006612428102258873,93.81325354599994
s0_p5_NAA-GDP_l7_r2,0,5,0.042,2,False,500.0,0.009023064190210317,93.81804338999996
s0_p5_NAA-GDP_l7_r3,0,5,0.042,3,False,500.0,0.01129519354435346,94.0446934659999
s0_p5_NAA-GDP_l8_r0,0,5,0.048,0,False,500.0,0.012052406165000846,94.02424161299996
s0_p5_NAA-GDP_l8_r1,0,5,0.048,1,False,500.0,0.009742872492152695,94.14578734799989
s0_p5_NAA-GDP_l8_r2,0,5,0.048,2,False,500.0,0.009697088546411695,94.21733242500022
s0_p5_NAA-GDP_l8_r3,0,5,0.048,3,False,500.0,0.006994936875276763,93.915956198
s0_p5_NAA-GDP_l9_r0,0,5,0.054,0,False,500.0,0.012599167883234752,94.25542300500001
s0_p5_NAA-GDP_l9_r1,0,5,0.054,1,False,500.0,0.014784394135619409,94.11283700600006
s0_p5_NAA-GDP_l9_r2,0,5,0.054,2,False,500.0,0.010315077191855754,94.15455793000001
s0_p5_NAA-GDP_l9_r3,0,5,0.054,3,False,500.0,0.014801464680949464,94.0441791899998
s1_p5_NAA-GDP_l10_r0,1,5,0.06,0,False,500.0,0.01058208478617093,94.33756788000028
s1_p5_NAA-GDP_l10_r1,1,5,0.06,1,False,500.0,0.010654691401119316,94.44905662100064
s1_p5_NAA-GDP_l10_r2,1,5,0.06,2,False,500.0,0.005517676496896939,94.29870322700026
s1_p5_NAA-GDP_l10_r3,1,5,0.06,3,False,500.0,0.009702045817445696,94.05033055999957
s1_p5_NAA-GDP_l1_r0,1,5,0.006,0,True,5.0,3.188234984285026e-08,1.5363875110001572
s1_p5_NAA-GDP_l1_r1,1,5,0.006,1,True,5.0,3.143110752611844e-08,1.5045741779999844
s1_p5_NAA-GDP_l1_r2,1,5,0.006,2,True,5.0,3.160254037427218e-08,1.502299648999724
s1_p5_NAA-GDP_l1_r3,1,5,0.006,3,True,5.0,3.141176964473097e-08,1.5134652759998062
s1_p5_NAA-GDP_l2_r0,1,5,0.012,0,True,8.0,4.1799400115721474e-08,2.0673006110000642
s1_p5_NAA-GDP_l2_r1,1,5,0.012,1,True,8.0,4.1806946503670064e-08,2.0269997149998744
s1_p5_NAA-GDP_l2_r2,1,5,0.012,2,True,8.0,4.1972347995755444e-08,2.033522881999943
s1_p5_NAA-GDP_l2_r3,1,5,0.012,3,True,8.0,4.068038110890304e-08,2.0351516769997033
s1_p5_NAA-GDP_l3_r0,1,5,0.018,0,True,13.0,3.350037300947256e-08,2.951755922999837
s1_p5_NAA-GDP_l3_r1,1,5,0.018,1,True,13.0,3.354242920605155e-08,3.007987779999894
s1_p5_NAA-GDP_l3_r2,1,5,0.018,2,True,13.0,3.5444514621303704e-08,2.948139199999787
s1_p5_NAA-GDP_l3_r3,1,5,0.018,3,True,13.0,3.681822398011151e-08,2.955098067000108
s1_p5_NAA-GDP_l4_r0,1,5,0.024,0,True,22.0,7.680394174276629e-08,4.612341200999708
s1_p5_NAA-GDP_l4_r1,1,5,0.024,1,True,22.0,7.279761913913818e-08,4.621427610999945
s1_p5_NAA-GDP_l4_r2,1,5,0.024,2,True,22.0,7.178233052258311e-08,4.669420654000078
s1_p5_NAA-GDP_l4_r3,1,5,0.024,3,True,22.0,7.012680670014621e-08,4.6125124889999825
s1_p5_NAA-GDP_l5_r0,1,5,0.03,0,True,53.0,9.650350623428379e-08,10.371132966000005
s1_p5_NAA-GDP_l5_r1,1,5,0.03,1,True,52.0,8.644045681640222e-08,10.211099674000252
s1_p5_NAA-GDP_l5_r2,1,5,0.03,2,True,52.0,7.6011216408005e-08,10.210993772000165
s1_p5_NAA-GDP_l5_r3,1,5,0.03,3,True,51.0,8.219444648462942e-08,10.038106035000055
s1_p5_NAA-GDP_l6_r0,1,5,0.036,0,False,500.0,0.0013406670227624367,93.79465112199978
s1_p5_NAA-GDP_l6_r1,1,5,0.036,1,False,500.0,0.0012780918135853448,94.0803616129997
s1_p5_NAA-GDP_l6_r2,1,5,0.036,2,False,500.0,0.00499730879458315,93.92589686200017
s1_p5_NAA-GDP_l6_r3,1,5,0.036,3,False,500.0,0.00028755950075078145,93.78478502999997
s1_p5_NAA-GDP_l7_r0,1,5,0.042,0,False,500.0,0.006561938581271951,94.0035061929998
s1_p5_NAA-GDP_l7_r1,1,5,0.042,1,False,500.0,0.006369840179804744,93.94094057899974
s1_p5_NAA-GDP_l7_r2,1,5,0.042,2,False,500.0,0.010741622031256736,93.70477175099995
s1_p5_NAA-GDP_l7_r3,1,5,0.042,3,False,500.0,0.01749761297797721,93.89443131100006
s1_p5_NAA-GDP_l8_r0,1,5,0.048,0,False,500.0,0.009766066622657206,94.11754314100017
s1_p5_NAA-GDP_l8_r1,1,5,0.048,1,False,500.0,0.010826849776888922,94.11330090799993
s1_p5_NAA-GDP_l8_r2,1,5,0.048,2,False,500.0,0.00979363233554576,94.05165532700039
s1_p5_NAA-GDP_l8_r3,1,5,0.048,3,False,500.0,0.008798178136064826,94.04285448600058
s1_p5_NAA-GDP_l9_r0,1,5,0.054,0,False,500.0,0.01338078443281861,94.1233745590007
s1_p5_NAA-GDP_l9_r1,1,5,0.054,1,False,500.0,0.008219452822063171,94.25309817700054
s1_p5_NAA-GDP_l9_r2,1,5,0.054,2,False,500.0,0.007386993366352227,94.20725449200017
s1_p5_NAA-GDP_l9_r3,1,5,0.054,3,False,500.0,0.014827004935588375,94.13278283199998
s2_p5_NAA-GDP_l10_r0,2,5,0.06,0,False,500.0,0.006924439644203993,94.29501159599931
s2_p5_NAA-GDP_l10_r1,2,5,0.06,1,False,500.0,0.012596364091149632,94.20980331700048
s2_p5_NAA-GDP_l10_r2,2,5,0.06,2,False,500.0,0.008197260644730846,94.49494981399948
s2_p5_NAA-GDP_l10_r3,2,5,0.06,3,False,500.0,0.008786355064656075,94.10035337299996
s2_p5_NAA-GDP_l1_r0,2,5,0.006,0,True,5.0,3.105437786540578e-08,1.549960108999585
s2_p5_NAA-GDP_l1_r1,2,5,0.006,1,True,5.0,3.1615211065670226e-08,1.54850056199939
s2_p5_NAA-GDP_l1_r2,2,5,0.006,2,True,5.0,3.116247225647069e-08,1.5105862460004573
s2_p5_NAA-GDP_l1_r3,2,5,0.006,3,True,5.0,3.086797323850211e-08,1.5072325730006924
s2_p5_NAA-GDP_l2_r0,2,5,0.012,0,True,8.0,4.1833335487838964e-08,2.0358156709999093
s2_p5_NAA-GDP_l2_r1,2,5,0.012,1,True,8.0,4.257577342549009e-08,2.0277322510000886
s2_p5_NAA-GDP_l2_r2,2,5,0.012,2,True,8.0,4.112713689658562e-08,2.0791963109995777
s2_p5_NAA-GDP_l2_r3,2,5,0.012,3,True,8.0,4.092226343060934e-08,2.0333475030001864
s2_p5_NAA-GDP_l3_r0,2,5,0.018,0,True,13.0,3.392047517641228e-08,2.9429157829999895
s2_p5_NAA-GDP_l3_r1,2,5,0.018,1,True,13.0,3.38097935173633e-08,2.9680474480001067
s2_p5_NAA-GDP_l3_r2,2,5,0.018,2,True,13.0,3.307557203281609e-08,2.9461452569994435
s2_p5_NAA-GDP_l3_r3,2,5,0.018,3,True,13.0,3.493959432410032e-08,2.9762829470000725
s2_p5_NAA-GDP_l4_r0,2,5,0.024,0,True,22.0,6.747930676596537e-08,4.627272234999509
s2_p5_NAA-GDP_l4_r1,2,5,0.024,1,True,22.0,7.609168568393444e-08,4.61340967400065
s2_p5_NAA-GDP_l4_r2,2,5,0.024,2,True,22.0,7.364900619831926e-08,4.60960089999935
s2_p5_NAA-GDP_l4_r3,2,5,0.024,3,True,22.0,7.07468071315435e-08,4.6130385400001614
s2_p5_NAA-GDP_l5_r0,2,5,0.03,0,True,54.0,8.760381274822543e-08,10.5858853310001
s2_p5_NAA-GDP_l5_r1,2,5,0.03,1,True,52.0,9.442402649345714e-08,10.214966373000607
s2_p5_NAA-GDP_l5_r2,2,5,0.03,2,True,52.0,7.666966043868025e-08,10.212917590999496
s2_p5_NAA-GDP_l5_r3,2,5,0.03,3,True,53.0,7.791220770200915e-08,10.437854345000233
s2_p5_NAA-GDP_l6_r0,2,5,0.036,0,False,500.0,0.0007072038004369967,93.97142314700068
s2_p5_NAA-GDP_l6_r1,2,5,0.036,1,False,500.0,0.0017092003173319287,93.99747539200052
s2_p5_NAA-GDP_l6_r2,2,5,0.036,2,False,500.0,0.00012061175757456199,93.85769806799999
s2_p5_NAA-GDP_l6_r3,2,5,0.036,3,False,500.0,0.0030944603859641828,93.6444296969994
s2_p5_NAA-GDP_l7_r0,2,5,0.042,0,False,500.0,0.006747688567294183,94.00110634900011
s2_p5_NAA-GDP_l7_r1,2,5,0.042,1,False,500.0,0.009094543406360105,93.90558546400007
s2_p5_NAA-GDP_l7_r2,2,5,0.042,2,False,500.0,0.013786579259197525,93.89851020399965
s2_p5_NAA-GDP_l7_r3,2,5,0.042,3,False,500.0,0.006554560909500003,93.82295817699924
s2_p5_NAA-GDP_l8_r0,2,5,0.048,0,False,500.0,0.011486913357719281,93.92467672799921
s2_p5_NAA-GDP_l8_r1,2,5,0.048,1,False,500.0,0.007242379068712222,94.11005950399976
s2_p5_NAA-GDP_l8_r2,2,5,0.048,2,False,500.0,0.011990103158267991,94.0042253190004
s2_p5_NAA-GDP_l8_r3,2,5,0.048,3,False,500.0,0.009201586382396007,94.06825722299982
s2_p5_NAA-GDP_l9_r0,2,5,0.054,0,False,500.0,0.009992949466227885,94.03646677300003
s2_p5_NAA-GDP_l9_r1,2,5,0.054,1,False,500.0,0.010564688931490547,94.20863914600068
s2_p5_NAA-GDP_l9_r2,2,5,0.054,2,False,500.0,0.00971330833531703,94.077731718
s2_p5_NAA-GDP_l9_r3,2,5,0.054,3,False,500.0,0.013368749584171004,94.11715243399976
s3_p5_NAA-GDP_l10_r0,3,5,0.06,0,False,500.0,0.009712980082923914,94.2279528379986
s3_p5_NAA-GDP_l10_r1,3,5,0.06,1,False,500.0,0.013267899980521927,94.034447172
s3_p5_NAA-GDP_l10_r2,3,5,0.06,2,False,500.0,0.010148481568815875,94.2103440310002
s3_p5_NAA-GDP_l10_r3,3,5,0.06,3,False,500.0,0.01190181479495954,94.34900195699993
s3_p5_NAA-GDP_l1_r0,3,5,0.006,0,True,5.0,3.120252847968768e-08,1.549154121000356
s3_p5_NAA-GDP_l1_r1,3,5,0.006,1,True,5.0,3.0716833389727416e-08,1.5107987970004615
s3_p5_NAA-GDP_l1_r2,3,5,0.006,2,True,5.0,3.1496270824521796e-08,1.5047347720001198
s3_p5_NAA-GDP_l1_r3,3,5,0.006,3,True,5.0,3.1359743745430126e-08,1.5477308039999116
s3_p5_NAA-GDP_l2_r0,3,5,0.012,0,True,8.0,4.0994573442936666e-08,2.0287740839994512
s3_p5_NAA-GDP_l2_r1,3,5,0.012,1,True,8.0,4.1267989385760466e-08,2.0230061140000544
s3_p5_NAA-GDP_l2_r2,3,5,0.012,2,True,8.0,4.2020015791085405e-08,2.033427127000323
s3_p5_NAA-GDP_l2_r3,3,5,0.012,3,True,8.0,4.163485175798542e-08,2.029891447999944
s3_p5_NAA-GDP_l3_r0,3,5,0.018,0,True,13.0,3.27645451901158e-08,2.9897180170000865
s3_p5_NAA-GDP_l3_r1,3,5,0.018,1,True,13.0,3.225136354156573e-08,2.9458843649999835
s3_p5_NAA-GDP_l3_r2,3,5,0.018,2,True,13.0,3.4037901271305965e-08,2.9634330460003184
s3_p5_NAA-GDP_l3_r3,3,5,0.018,3,True,13.0,3.426517543329856e-08,2.946822637000878
s3_p5_NAA-GDP_l4_r0,3,5,0.024,0,True,22.0,7.312881208890836e-08,4.608529295999688
s3_p5_NAA-GDP_l4_r1,3,5,0.024,1,True,22.0,8.411449558797331e-08,4.646347810999941
s3_p5_NAA-GDP_l4_r2,3,5,0.024,2,True,22.0,8.380937039238033e-08,4.614077543999883
s3_p5_NAA-GDP_l4_r3,3,5,0.024,3,True,22.0,7.27716295138212e-08,4.615187422000417
s3_p5_NAA-GDP_l5_r0,3,5,0.03,0,True,53.0,8.618481284307116e-08,10.379067066000061
s3_p5_NAA-GDP_l5_r1,3,5,0.03,1,True,53.0,9.191469670856777e-08,10.418201829999816
s3_p5_NAA-GDP_l5_r2,3,5,0.03,2,True,54.0,8.249890781026087e-08,10.63042079800016
s3_p5_NAA-GDP_l5_r3,3,5,0.03,3,True,55.0,7.706910738459587e-08,10.780817961000139
s3_p5_NAA-GDP_l6_r0,3,5,0.036,0,False,500.0,0.008223448040728396,93.9615876100006
s3_p5_NAA-GDP_l6_r1,3,5,0.036,1,False,500.0,0.00027942936806190966,93.84366294600022
s3_p5_NAA-GDP_l6_r2,3,5,0.036,2,False,500.0,0.002050459358779439,93.95446065500073
s3_p5_NAA-GDP_l6_r3,3,5,0.036,3,False,500.0,0.012194482802327239,94.28086236299987
s3_p5_NAA-GDP_l7_r0,3,5,0.042,0,False,500.0,0.008263871964924794,93.69288390200018
s3_p5_NAA-GDP_l7_r1,3,5,0.042,1,False,500.0,0.006331897387445829,93.89481194000018
s3_p5_NAA-GDP_l7_r2,3,5,0.042,2,False,500.0,0.006631754498956909,93.69492623199949
s3_p5_NAA-GDP_l7_r3,3,5,0.042,3,False,500.0,0.007205891384688081,93.96535853600017
s3_p5_NAA-GDP_l8_r0,3,5,0.048,0,False,500.0,0.010168664405085341,94.24615116399946
s3_p5_NAA-GDP_l8_r1,3,5,0.048,1,False,500.0,0.008715072765498483,94.19721111500075
s3_p5_NAA-GDP_l8_r2,3,5,0.048,2,False,500.0,0.0063056292193646385,94.13504387499961
s3_p5_NAA-GDP_l8_r3,3,5,0.048,3,False,500.0,0.004869716261269532,94.0044790030006
s3_p5_NAA-GDP_l9_r0,3,5,0.054,0,False,500.0,0.007086472729020139,94.25180928200098
s3_p5_NAA-GDP_l9_r1,3,5,0.054,1,False,500.0,0.007326850149358589,94.03706292199968
s3_p5_NAA-GDP_l9_r2,3,5,0.054,2,False,500.0,0.010217480821300208,94.13096774400037
s3_p5_NAA-GDP_l9_r3,3,5,0.054,3,False,500.0,0.011310041174030977,94.3095293589995
s4_p5_NAA-GDP_l10_r0,4,5,0.06,0,False,500.0,0.009783066842827363,94.22372918200017
s4_p5_NAA-GDP_l10_r1,4,5,0.06,1,False,500.0,0.011441658432071126,94.37324255400017
s4_p5_NAA-GDP_l10_r2,4,5,0.06,2,False,500.0,0.010625865929584423,93.94300978300089
s4_p5_NAA-GDP_l10_r3,4,5,0.06,3,False,500.0,0.009433208218937754,93.94257210100113
s4_p5_NAA-GDP_l1_r0,4,5,0.006,0,True,5.0,3.1475987117637116e-08,1.5354162929997983
s4_p5_NAA-GDP_l1_r1,4,5,0.006,1,True,5.0,3.193742174178571e-08,1.51193819800028
s4_p5_NAA-GDP_l1_r2,4,5,0.006,2,True,5.0,3.232585394809575e-08,1.5080323459987994
s4_p5_NAA-GDP_l1_r3,4,5,0.006,3,True,5.0,3.1538932448610076e-08,1.5061464339996746
s4_p5_NAA-GDP_l2_r0,4,5,0.012,0,True,8.0,4.1996937028286095e-08,2.03258450300018
s4_p5_NAA-GDP_l2_r1,4,5,0.012,1,True,8.0,4.208294351009774e-08,2.050919908000651
s4_p5_NAA-GDP_l2_r2,4,5,0.012,2,True,8.0,4.0080005630854685e-08,2.032704517001548
s4_p5_NAA-GDP_l2_r3,4,5,0.012,3,True,8.0,4.1770082749971676e-08,2.027437558001111
s4_p5_NAA-GDP_l3_r0,4,5,0.018,0,True,13.0,3.3617604238162963e-08,2.9575937729987345
s4_p5_NAA-GDP_l3_r1,4,5,0.018,1,True,13.0,3.3401987422969366e-08,2.9565578070014453
s4_p5_NAA-GDP_l3_r2,4,5,0.018,2,True,13.0,3.487563128769809e-08,2.978506171000845
s4_p5_NAA-GDP_l3_r3,4,5,0.018,3,True,13.0,3.5396951177921504e-08,2.954827840001599
s4_p5_NAA-GDP_l4_r0,4,5,0.024,0,True,22.0,7.535260043974454e-08,4.618597020999005
s4_p5_NAA-GDP_l4_r1,4,5,0.024,1,True,22.0,8.653074972154001e-08,4.619269574999635
s4_p5_NAA-GDP_l4_r2,4,5,0.024,2,True,22.0,7.354959978064926e-08,4.628227230001357
s4_p5_NAA-GDP_l4_r3,4,5,0.024,3,True,22.0,7.448197869132887e-08,4.665088454001307
s4_p5_NAA-GDP_l5_r0,4,5,0.03,0,True,51.0,8.823107188522858e-08,10.029852149000362
s4_p5_NAA-GDP_l5_r1,4,5,0.03,1,True,54.0,9.093440076744987e-08,10.54140025400011
s4_p5_NAA-GDP_l5_r2,4,5,0.03,2,True,55.0,8.741504498859189e-08,10.791764662999412
s4_p5_NAA-GDP_l5_r3,4,5,0.03,3,True,54.0,8.903257851504237e-08,10.6048727590005
s4_p5_NAA-GDP_l6_r0,4,5,0.036,0,False,500.0,0.0007684267483489999,93.89272612199966
s4_p5_NAA-GDP_l6_r1,4,5,0.036,1,False,500.0,0.011088118738205893,93.84681142299996
s4_p5_NAA-GDP_l6_r2,4,5,0.036,2,False,500.0,0.005530607170143563,93.74426734600092
s4_p5_NAA-GDP_l6_r3,4,5,0.036,3,False,500.0,0.004356390727415952,93.80867666099948
s4_p5_NAA-GDP_l7_r0,4,5,0.042,0,False,500.0,0.008302072778207277,93.9744429729999
s4_p5_NAA-GDP_l7_r1,4,5,0.042,1,False,500.0,0.007496114033035607,93.88737817900073
s4_p5_NAA-GDP_l7_r2,4,5,0.042,2,False,500.0,0.010707422002732158,93.96429759499915
s4_p5_NAA-GDP_l7_r3,4,5,0.042,3,False,500.0,0.015351338119808145,94.00189380800111
s4_p5_NAA-GDP_l8_r0,4,5,0.048,0,False,500.0,0.007753256458568398,93.93710871199983
s4_p5_NAA-GDP_l8_r1,4,5,0.048,1,False,500.0,0.00780799034531803,94.16566896499899
s4_p5_NAA-GDP_l8_r2,4,5,0.048,2,False,500.0,0.010570639009139949,94.4029087859999
s4_p5_NAA-GDP_l8_r3,4,5,0.048,3,False,500.0,0.006607132388640826,94.12414347499907
s4_p5_NAA-GDP_l9_r0,4,5,0.054,0,False,500.0,0.006596809366598046,94.16217089699967
s4_p5_NAA-GDP_l9_r1,4,5,0.054,1,False,500.0,0.011227568971462423,94.03314296600001
s4_p5_NAA-GDP_l9_r2,4,5,0.054,2,False,500.0,0.00572051928350269,94.33105203599916
s4_p5_NAA-GDP_l9_r3,4,5,0.054,3,False,500.0,0.015015229322844227,94.40396749899992
