method,participant_count,noise_scale,attack,outer_seed,linkage_rate,projected_recovery_relative_error,completed_realizations,seed_cell_complete
AA-GDP,5,0.0,AM,0,0.645,4.970096837247269e-13,1,True
AA-GDP,5,0.0,AM,1,0.634,4.830107814220704e-13,1,True
AA-GDP,5,0.0,AM,2,0.679,4.995337949851049e-13,1,True
AA-GDP,5,0.0,AM,3,0.643,4.868409447511627e-13,1,True
AA-GDP,5,0.0,AM,4,0.67,4.887181367240447e-13,1,True
AA-GDP,5,0.0,MP,0,0.645,1.0530184555365851e-14,1,True
AA-GDP,5,0.0,MP,1,0.634,1.0820850959090877e-14,1,True
AA-GDP,5,0.0,MP,2,0.679,1.0033702388141335e-14,1,True
AA-GDP,5,0.0,MP,3,0.643,1.11608921848778e-14,1,True
AA-GDP,5,0.0,MP,4,0.67,1.178879152211635e-14,1,True
AA-GDP,5,0.0,OP,0,0.645,2.6234809581578957e-13,1,True
AA-GDP,5,0.0,OP,1,0.634,2.491614798817862e-13,1,True
AA-GDP,5,0.0,OP,2,0.679,2.569905804139721e-13,1,True
AA-GDP,5,0.0,OP,3,0.643,2.722118560813571e-13,1,True
AA-GDP,5,0.0,OP,4,0.67,2.6051154404697773e-13,1,True
C-GDP,5,0.0,AM,0,0.645,4.970096837247269e-13,1,True
C-GDP,5,0.0,AM,1,0.634,4.830107814220704e-13,1,True
C-GDP,5,0.0,AM,2,0.679,4.995337949851049e-13,1,True
C-GDP,5,0.0,AM,3,0.643,4.868409447511627e-13,1,True
C-GDP,5,0.0,AM,4,0.67,4.887181367240447e-13,1,True
C-GDP,5,0.0,MP,0,0.645,1.0530184555365851e-14,1,True
C-GDP,5,0.0,MP,1,0.634,1.0820850959090877e-14,1,True
C-GDP,5,0.0,MP,2,0.679,1.0033702388141335e-14,1,True
C-GDP,5,0.0,MP,3,0.643,1.11608921848778e-14,1,True
C-GDP,5,0.0,MP,4,0.67,1.178879152211635e-14,1,True
C-GDP,5,0.0,OP,0,0.645,2.6234809581578957e-13,1,True
C-GDP,5,0.0,OP,1,0.634,2.491614798817862e-13,1,True
C-GDP,5,0.0,OP,2,0.679,2.569905804139721e-13,1,True
C-GDP,5,0.0,OP,3,0.643,2.722118560813571e-13,1,True
C-GDP,5,0.0,OP,4,0.67,2.6051154404697773e-13,1,True
C-GDP-private-noise,5,0.3,known-common-transform,0,0.499,0.11322100001461033,4,True
C-GDP-private-noise,5,0.3,known-common-transform,1,0.52675,0.11479288034795203,4,True
C-GDP-private-noise,5,0.3,known-common-transform,2,0.516,0.1111426492746993,4,True
C-GDP-private-noise,5,0.3,known-common-transform,3,0.5175000000000001,0.11926571970928042,4,True
C-GDP-private-noise,5,0.3,known-common-transform,4,0.5485,0.11552532187487372,4,True
C-GDP-private-noise,5,0.6,known-common-transform,0,0.3295,0.22676425871100564,4,True
C-GDP-private-noise,5,0.6,known-common-transform,1,0.351,0.22931423750719349,4,True
C-GDP-private-noise,5,0.6,known-common-transform,2,0.35,0.22271171204779505,4,True
C-GDP-private-noise,5,0.6,known-common-transform,3,0.29325,0.2394901044150904,4,True
C-GDP-private-noise,5,0.6,known-common-transform,4,0.40950000000000003,0.23055547564195653,4,True
C-GDP-private-noise,5,0.9,known-common-transform,0,0.2885,0.3392265140047528,4,True
C-GDP-private-noise,5,0.9,known-common-transform,1,0.28725,0.34492195780237245,4,True
C-GDP-private-noise,5,0.9,known-common-transform,2,0.27325,0.33394897158745723,4,True
C-GDP-private-noise,5,0.9,known-common-transform,3,0.2505,0.35807425235881085,4,True
C-GDP-private-noise,5,0.9,known-common-transform,4,0.27875,0.34621323709824275,4,True
C-GDP-private-noise,5,1.2,known-common-transform,0,0.20625,0.4530472863658208,4,True
C-GDP-private-noise,5,1.2,known-common-transform,1,0.18775,0.45930179207407507,4,True
C-GDP-private-noise,5,1.2,known-common-transform,2,0.19575,0.44623462178898954,4,True
C-GDP-private-noise,5,1.2,known-common-transform,3,0.165,0.478424945391288,4,True
C-GDP-private-noise,5,1.2,known-common-transform,4,0.21775,0.46221667795364135,4,True
C-GDP-private-noise,5,1.5,known-common-transform,0,0.16249999999999998,0.5669095388991595,4,True
C-GDP-private-noise,5,1.5,known-common-transform,1,0.1745,0.5748586466278227,4,True
C-GDP-private-noise,5,1.5,known-common-transform,2,0.1665,0.5568040278431445,4,True
C-GDP-private-noise,5,1.5,known-common-transform,3,0.15325,0.5971164991514539,4,True
C-GDP-private-noise,5,1.5,known-common-transform,4,0.19475,0.5761100609784281,4,True
C-GDP-private-noise,5,1.8,known-common-transform,0,0.1625,0.6790477038315503,4,True
C-GDP-private-noise,5,1.8,known-common-transform,1,0.139,0.6891593758254841,4,True
C-GDP-private-noise,5,1.8,known-common-transform,2,0.1825,0.6674736242440306,4,True
C-GDP-private-noise,5,1.8,known-common-transform,3,0.148,0.717335340868646,4,True
C-GDP-private-noise,5,1.8,known-common-transform,4,0.14875,0.6934362684960652,4,True
C-GDP-private-noise,5,2.1,known-common-transform,0,0.1375,0.791607890234665,4,True
C-GDP-private-noise,5,2.1,known-common-transform,1,0.13375,0.8039191138851801,4,True
C-GDP-private-noise,5,2.1,known-common-transform,2,0.16599999999999998,0.7809019931006187,4,True
C-GDP-private-noise,5,2.1,known-common-transform,3,0.1555,0.8354007898534677,4,True
C-GDP-private-noise,5,2.1,known-common-transform,4,0.16774999999999998,0.8084361035040958,4,True
C-GDP-private-noise,5,2.4,known-common-transform,0,0.15,0.9072748110788456,4,True
C-GDP-private-noise,5,2.4,known-common-transform,1,0.113,0.9152884248596487,4,True
C-GDP-private-noise,5,2.4,known-common-transform,2,0.149,0.8890495253998033,4,True
C-GDP-private-noise,5,2.4,known-common-transform,3,0.13225,0.9551208213683007,4,True
C-GDP-private-noise,5,2.4,known-common-transform,4,0.135,0.9247433856633414,4,True
C-GDP-private-noise,5,2.7,known-common-transform,0,0.12625,1.017488358167312,4,True
C-GDP-private-noise,5,2.7,known-common-transform,1,0.12875,1.0326829357319731,4,True
C-GDP-private-noise,5,2.7,known-common-transform,2,0.132,1.0006772144002631,4,True
C-GDP-private-noise,5,2.7,known-common-transform,3,0.13525,1.0761655405906367,4,True
C-GDP-private-noise,5,2.7,known-common-transform,4,0.1205,1.0354040397888495,4,True
C-GDP-private-noise,5,3.0,known-common-transform,0,0.12375,1.1362855810647408,4,True
C-GDP-private-noise,5,3.0,known-common-transform,1,0.11475,1.1508305303189206,4,True
C-GDP-private-noise,5,3.0,known-common-transform,2,0.1305,1.1138709503939885,4,True
C-GDP-private-noise,5,3.0,known-common-transform,3,0.113,1.1942260347209859,4,True
C-GDP-private-noise,5,3.0,known-common-transform,4,0.131,1.153080767803763,4,True
NAA-GDP,5,0.006,AM,0,0.50175,0.11809414867637745,4,True
NAA-GDP,5,0.006,AM,1,0.50525,0.12092615235211017,4,True
NAA-GDP,5,0.006,AM,2,0.53075,0.12095630074012602,4,True
NAA-GDP,5,0.006,AM,3,0.519,0.12035931962116755,4,True
NAA-GDP,5,0.006,AM,4,0.5415,0.11947913843725709,4,True
NAA-GDP,5,0.006,MP,0,0.5115000000000001,0.11949008133785599,4,True
NAA-GDP,5,0.006,MP,1,0.5055000000000001,0.12023334102365384,4,True
NAA-GDP,5,0.006,MP,2,0.51125,0.12396581498634844,4,True
NAA-GDP,5,0.006,MP,3,0.51775,0.12095724677065195,4,True
NAA-GDP,5,0.006,MP,4,0.54125,0.11991645983601354,4,True
NAA-GDP,5,0.006,OP,0,0.5445,0.08369095148835323,4,True
NAA-GDP,5,0.006,OP,1,0.57075,0.08456859305818407,4,True
NAA-GDP,5,0.006,OP,2,0.56975,0.08542455476928922,4,True
NAA-GDP,5,0.006,OP,3,0.55825,0.086549203529433,4,True
NAA-GDP,5,0.006,OP,4,0.59075,0.08528081230513913,4,True
NAA-GDP,5,0.012,AM,0,0.32175000000000004,0.24562478110100822,4,True
NAA-GDP,5,0.012,AM,1,0.35050000000000003,0.24111643979744743,4,True
NAA-GDP,5,0.012,AM,2,0.35325,0.2419834996166277,4,True
NAA-GDP,5,0.012,AM,3,0.32625,0.24024555595436115,4,True
NAA-GDP,5,0.012,AM,4,0.389,0.247112573677553,4,True
NAA-GDP,5,0.012,MP,0,0.314,0.2433395035921433,4,True
NAA-GDP,5,0.012,MP,1,0.37150000000000005,0.2465706290732511,4,True
NAA-GDP,5,0.012,MP,2,0.37575000000000003,0.252931461611319,4,True
NAA-GDP,5,0.012,MP,3,0.33425,0.2437378146895394,4,True
NAA-GDP,5,0.012,MP,4,0.3875,0.25286987603189826,4,True
NAA-GDP,5,0.012,OP,0,0.438,0.1659009132125008,4,True
NAA-GDP,5,0.012,OP,1,0.435,0.16750594551710332,4,True
NAA-GDP,5,0.012,OP,2,0.4525,0.1710657303756205,4,True
NAA-GDP,5,0.012,OP,3,0.42874999999999996,0.17091099110671384,4,True
NAA-GDP,5,0.012,OP,4,0.492,0.17030896082388525,4,True
NAA-GDP,5,0.018,AM,0,0.183,0.37564669301479836,4,True
NAA-GDP,5,0.018,AM,1,0.213,0.3700176887328116,4,True
NAA-GDP,5,0.018,AM,2,0.24175000000000002,0.3754856845259437,4,True
NAA-GDP,5,0.018,AM,3,0.20224999999999999,0.36810253518129626,4,True
NAA-GDP,5,0.018,AM,4,0.27125,0.371606417153059,4,True
NAA-GDP,5,0.018,MP,0,0.225,0.39438539197528844,4,True
NAA-GDP,5,0.018,MP,1,0.26725,0.3842544043838966,4,True
NAA-GDP,5,0.018,MP,2,0.25775000000000003,0.3929431255094931,4,True
NAA-GDP,5,0.018,MP,3,0.249,0.3763389436212353,4,True
NAA-GDP,5,0.018,MP,4,0.2725,0.3888078692757325,4,True
NAA-GDP,5,0.018,OP,0,0.32475,0.26165502261309026,4,True
NAA-GDP,5,0.018,OP,1,0.3175,0.2539772424449441,4,True
NAA-GDP,5,0.018,OP,2,0.29475,0.25630066993410616,4,True
NAA-GDP,5,0.018,OP,3,0.2955,0.25144607310545075,4,True
NAA-GDP,5,0.018,OP,4,0.37024999999999997,0.2529824393261136,4,True
NAA-GDP,5,0.024,AM,0,0.174,0.5028082095257418,4,True
NAA-GDP,5,0.024,AM,1,0.15775,0.4917274486347933,4,True
NAA-GDP,5,0.024,AM,2,0.19724999999999998,0.5068772037084779,4,True
NAA-GDP,5,0.024,AM,3,0.179,0.5260282427176464,4,True
NAA-GDP,5,0.024,AM,4,0.175,0.5096136878516022,4,True
NAA-GDP,5,0.024,MP,0,0.176,0.5241714815221897,4,True
NAA-GDP,5,0.024,MP,1,0.19525,0.5460181879523215,4,True
NAA-GDP,5,0.024,MP,2,0.18225,0.5379488579567485,4,True
NAA-GDP,5,0.024,MP,3,0.18925,0.5371584080919529,4,True
NAA-GDP,5,0.024,MP,4,0.19475,0.5348838322623057,4,True
NAA-GDP,5,0.024,OP,0,0.268,0.33947033354338996,4,True
NAA-GDP,5,0.024,OP,1,0.24,0.33410546397707663,4,True
NAA-GDP,5,0.024,OP,2,0.27925,0.3477453700335334,4,True
NAA-GDP,5,0.024,OP,3,0.2615,0.33504406510183415,4,True
NAA-GDP,5,0.024,OP,4,0.28825,0.33677736365003896,4,True
NAA-GDP,5,0.03,AM,0,0.182,0.6568025955744886,4,True
NAA-GDP,5,0.03,AM,1,0.155,0.6532176671249235,4,True
NAA-GDP,5,0.03,AM,2,0.16925,0.6617808702910306,4,True
NAA-GDP,5,0.03,AM,3,0.13225,0.6547432298302203,4,True
NAA-GDP,5,0.03,AM,4,0.16,0.6454823474835686,4,True
NAA-GDP,5,0.03,MP,0,0.14725,0.7544301074008317,4,True
NAA-GDP,5,0.03,MP,1,0.17675,0.7659002558263586,4,True
NAA-GDP,5,0.03,MP,2,0.15,0.7420790552431701,4,True
NAA-GDP,5,0.03,MP,3,0.118,0.7655260265170687,4,True
NAA-GDP,5,0.03,MP,4,0.13975,0.722785983681828,4,True
NAA-GDP,5,0.03,OP,0,0.2475,0.4196517738182945,4,True
NAA-GDP,5,0.03,OP,1,0.24,0.42020358532196644,4,True
NAA-GDP,5,0.03,OP,2,0.20174999999999998,0.4320533326202158,4,True
NAA-GDP,5,0.03,OP,3,0.1635,0.43722985197395475,4,True
NAA-GDP,5,0.03,OP,4,0.2415,0.41476576383053576,4,True
NAA-GDP,5,0.036,AM,0,0.1115,0.8356775803851371,4,True
NAA-GDP,5,0.036,AM,1,0.14300000000000002,0.811807840275533,4,True
NAA-GDP,5,0.036,AM,2,0.12375,0.8240942730686467,4,True
NAA-GDP,5,0.036,AM,3,0.09775,0.8482609348052931,4,True
NAA-GDP,5,0.036,AM,4,0.12975,0.8451660067712764,4,True
NAA-GDP,5,0.036,MP,0,0.15225,1.090129147433196,4,True
NAA-GDP,5,0.036,MP,1,0.11800000000000001,1.05954769907444,4,True
NAA-GDP,5,0.036,MP,2,0.15775,0.9867213773777022,4,True
NAA-GDP,5,0.036,MP,3,0.12125,1.0630378198150265,4,True
NAA-GDP,5,0.036,MP,4,0.1355,1.0547677860344784,4,True
NAA-GDP,5,0.036,OP,0,0.18275,0.5114247050069373,4,True
NAA-GDP,5,0.036,OP,1,0.20975,0.4931809901125713,4,True
NAA-GDP,5,0.036,OP,2,0.187,0.4968228822548911,4,True
NAA-GDP,5,0.036,OP,3,0.17049999999999998,0.5116696689356436,4,True
NAA-GDP,5,0.036,OP,4,0.17075,0.5119441198772906,4,True
NAA-GDP,5,0.042,AM,0,0.1195,1.006168280202254,4,True
NAA-GDP,5,0.042,AM,1,0.13524999999999998,0.9784507421593421,4,True
NAA-GDP,5,0.042,AM,2,0.11075,0.9950736495010802,4,True
NAA-GDP,5,0.042,AM,3,0.12325,0.9736066735964246,4,True
NAA-GDP,5,0.042,AM,4,0.118,1.0281751362899763,4,True
NAA-GDP,5,0.042,MP,0,0.11925,1.6326070425392587,4,True
NAA-GDP,5,0.042,MP,1,0.1205,1.5409824991896153,4,True
NAA-GDP,5,0.042,MP,2,0.132,1.4966643006326361,4,True
NAA-GDP,5,0.042,MP,3,0.12075,1.567266313057809,4,True
NAA-GDP,5,0.042,MP,4,0.10825000000000001,1.74050212595444,4,True
NAA-GDP,5,0.042,OP,0,0.15075,0.5864534010164307,4,True
NAA-GDP,5,0.042,OP,1,0.183,0.5871452023864677,4,True
NAA-GDP,5,0.042,OP,2,0.17075,0.5756576740494305,4,True
NAA-GDP,5,0.042,OP,3,0.16475,0.5911909578805458,4,True
NAA-GDP,5,0.042,OP,4,0.17875,0.6057221644148061,4,True
NAA-GDP,5,0.048,AM,0,0.1085,1.1248979602797404,4,True
NAA-GDP,5,0.048,AM,1,0.10525,1.1014127687831639,4,True
NAA-GDP,5,0.048,AM,2,0.10275000000000001,1.102421703173274,4,True
NAA-GDP,5,0.048,AM,3,0.09675,1.0966001899429598,4,True
NAA-GDP,5,0.048,AM,4,0.11674999999999999,1.1051890557748627,4,True
NAA-GDP,5,0.048,MP,0,0.09875,11.134077822222642,4,True
NAA-GDP,5,0.048,MP,1,0.1015,9.900377625437422,4,True
NAA-GDP,5,0.048,MP,2,0.10025,14.691770611109902,4,True
NAA-GDP,5,0.048,MP,3,0.10550000000000001,3.200823331497457,4,True
NAA-GDP,5,0.048,MP,4,0.10475,16.25173730257945,4,True
NAA-GDP,5,0.048,OP,0,0.13675,0.6756238044997911,4,True
NAA-GDP,5,0.048,OP,1,0.13474999999999998,0.6715380159246375,4,True
NAA-GDP,5,0.048,OP,2,0.14325,0.6784418775832949,4,True
NAA-GDP,5,0.048,OP,3,0.14024999999999999,0.69308384087472,4,True
NAA-GDP,5,0.048,OP,4,0.1635,0.6644581483654697,4,True
NAA-GDP,5,0.054,AM,0,0.11575,1.1725727953754204,4,True
NAA-GDP,5,0.054,AM,1,0.10325000000000001,1.1836363300994037,4,True
NAA-GDP,5,0.054,AM,2,0.09625,1.1652611948182519,4,True
NAA-GDP,5,0.054,AM,3,0.11375,1.1735958179139243,4,True
NAA-GDP,5,0.054,AM,4,0.11499999999999999,1.172405766181292,4,True
NAA-GDP,5,0.054,MP,0,0.09825,17.83223376765276,4,True
NAA-GDP,5,0.054,MP,1,0.0985,13.285172558018832,4,True
NAA-GDP,5,0.054,MP,2,0.10149999999999999,39.00830724939519,4,True
NAA-GDP,5,0.054,MP,3,0.10325000000000001,14.601959674444885,4,True
NAA-GDP,5,0.054,MP,4,0.10225000000000001,15.258134927391728,4,True
NAA-GDP,5,0.054,OP,0,0.13275,0.7559838214640138,4,True
NAA-GDP,5,0.054,OP,1,0.11975,0.7675199757916007,4,True
NAA-GDP,5,0.054,OP,2,0.12675,0.7796726750143426,4,True
NAA-GDP,5,0.054,OP,3,0.111,0.7394827817458294,4,True
NAA-GDP,5,0.054,OP,4,0.125,0.7484155729662749,4,True
NAA-GDP,5,0.06,AM,0,0.11,1.238178530129034,4,True
NAA-GDP,5,0.06,AM,1,0.106,1.2333965907893396,4,True
NAA-GDP,5,0.06,AM,2,0.108,1.2292921970008195,4,True
NAA-GDP,5,0.06,AM,3,0.09725,1.2257805946423415,4,True
NAA-GDP,5,0.06,AM,4,0.11025,1.233298908273684,4,True
NAA-GDP,5,0.06,MP,0,0.1075,83.38114560928207,4,True
NAA-GDP,5,0.06,MP,1,0.10250000000000001,15.857394611065338,4,True
NAA-GDP,5,0.06,MP,2,0.101,11.386698499869127,4,True
NAA-GDP,5,0.06,MP,3,0.10525000000000001,14.173117728850494,4,True
NAA-GDP,5,0.06,MP,4,0.096,12.854067506741387,4,True
NAA-GDP,5,0.06,OP,0,0.12775,0.8361898388799767,4,True
NAA-GDP,5,0.06,OP,1,0.12625,0.8353225451917708,4,True
NAA-GDP,5,0.06,OP,2,0.15025,0.8151006741805973,4,True
NAA-GDP,5,0.06,OP,3,0.118,0.8396947949320934,4,True
NAA-GDP,5,0.06,OP,4,0.11675,0.8463950166066281,4,True
