run_id,method,participant_count,noise_scale,outer_seed,realization,attack,linkage_rate,projected_recovery_relative_error
s0_p5_AA-GDP_l0_r0,AA-GDP,5,0.0,0,0,AM,0.645,4.970096837247269e-13
s0_p5_AA-GDP_l0_r0,AA-GDP,5,0.0,0,0,MP,0.645,1.0530184555365851e-14
s0_p5_AA-GDP_l0_r0,AA-GDP,5,0.0,0,0,OP,0.645,2.6234809581578957e-13
s0_p5_C-GDP-private-noise_l10_r0,C-GDP-private-noise,5,3.0,0,0,known-common-transform,0.139,1.1361961752107572
s0_p5_C-GDP-private-noise_l10_r1,C-GDP-private-noise,5,3.0,0,1,known-common-transform,0.118,1.1375259573759633
s0_p5_C-GDP-private-noise_l10_r2,C-GDP-private-noise,5,3.0,0,2,known-common-transform,0.121,1.1349227196140481
s0_p5_C-GDP-private-noise_l10_r3,C-GDP-private-noise,5,3.0,0,3,known-common-transform,0.117,1.1364974720581948
s0_p5_C-GDP-private-noise_l1_r0,C-GDP-private-noise,5,0.3,0,0,known-common-transform,0.52,0.11344034155112734
s0_p5_C-GDP-private-noise_l1_r1,C-GDP-private-noise,5,0.3,0,1,known-common-transform,0.478,0.11343127169084685
s0_p5_C-GDP-private-noise_l1_r2,C-GDP-private-noise,5,0.3,0,2,known-common-transform,0.502,0.1128746696694673
s0_p5_C-GDP-private-noise_l1_r3,C-GDP-private-noise,5,0.3,0,3,known-common-transform,0.496,0.11313771714699984
s0_p5_C-GDP-private-noise_l2_r0,C-GDP-private-noise,5,0.6,0,0,known-common-transform,0.321,0.2277949785654699
s0_p5_C-GDP-private-noise_l2_r1,C-GDP-private-noise,5,0.6,0,1,known-common-transform,0.335,0.22527107369074187
s0_p5_C-GDP-private-noise_l2_r2,C-GDP-private-noise,5,0.6,0,2,known-common-transform,0.325,0.2265302363615449
s0_p5_C-GDP-private-noise_l2_r3,C-GDP-private-noise,5,0.6,0,3,known-common-transform,0.337,0.22746074622626583
s0_p5_C-GDP-private-noise_l3_r0,C-GDP-private-noise,5,0.9,0,0,known-common-transform,0.261,0.3387867411445521
s0_p5_C-GDP-private-noise_l3_r1,C-GDP-private-noise,5,0.9,0,1,known-common-transform,0.356,0.3410918959488327
s0_p5_C-GDP-private-noise_l3_r2,C-GDP-private-noise,5,0.9,0,2,known-common-transform,0.256,0.33895574641170084
s0_p5_C-GDP-private-noise_l3_r3,C-GDP-private-noise,5,0.9,0,3,known-common-transform,0.281,0.3380716725139256
s0_p5_C-GDP-private-noise_l4_r0,C-GDP-private-noise,5,1.2,0,0,known-common-transform,0.19,0.4521207439692719
s0_p5_C-GDP-private-noise_l4_r1,C-GDP-private-noise,5,1.2,0,1,known-common-transform,0.212,0.4523407890714555
s0_p5_C-GDP-private-noise_l4_r2,C-GDP-private-noise,5,1.2,0,2,known-common-transform,0.204,0.45614090141287095
s0_p5_C-GDP-private-noise_l4_r3,C-GDP-private-noise,5,1.2,0,3,known-common-transform,0.219,0.45158671100968495
s0_p5_C-GDP-private-noise_l5_r0,C-GDP-private-noise,5,1.5,0,0,known-common-transform,0.148,0.5692323289638238
s0_p5_C-GDP-private-noise_l5_r1,C-GDP-private-noise,5,1.5,0,1,known-common-transform,0.124,0.5666013516783753
s0_p5_C-GDP-private-noise_l5_r2,C-GDP-private-noise,5,1.5,0,2,known-common-transform,0.174,0.5675224962776756
s0_p5_C-GDP-private-noise_l5_r3,C-GDP-private-noise,5,1.5,0,3,known-common-transform,0.204,0.5642819786767633
s0_p5_C-GDP-private-noise_l6_r0,C-GDP-private-noise,5,1.8,0,0,known-common-transform,0.137,0.6769234831571788
s0_p5_C-GDP-private-noise_l6_r1,C-GDP-private-noise,5,1.8,0,1,known-common-transform,0.206,0.6818019929027445
s0_p5_C-GDP-private-noise_l6_r2,C-GDP-private-noise,5,1.8,0,2,known-common-transform,0.145,0.6786335334580199
s0_p5_C-GDP-private-noise_l6_r3,C-GDP-private-noise,5,1.8,0,3,known-common-transform,0.162,0.6788318058082583
s0_p5_C-GDP-private-noise_l7_r0,C-GDP-private-noise,5,2.1,0,0,known-common-transform,0.138,0.7874416464156129
s0_p5_C-GDP-private-noise_l7_r1,C-GDP-private-noise,5,2.1,0,1,known-common-transform,0.159,0.7924823537031852
s0_p5_C-GDP-private-noise_l7_r2,C-GDP-private-noise,5,2.1,0,2,known-common-transform,0.149,0.7971511307204373
s0_p5_C-GDP-private-noise_l7_r3,C-GDP-private-noise,5,2.1,0,3,known-common-transform,0.104,0.7893564300994246
s0_p5_C-GDP-private-noise_l8_r0,C-GDP-private-noise,5,2.4,0,0,known-common-transform,0.153,0.9039045095383293
s0_p5_C-GDP-private-noise_l8_r1,C-GDP-private-noise,5,2.4,0,1,known-common-transform,0.15,0.9050308143728336
s0_p5_C-GDP-private-noise_l8_r2,C-GDP-private-noise,5,2.4,0,2,known-common-transform,0.172,0.911811594855132
s0_p5_C-GDP-private-noise_l8_r3,C-GDP-private-noise,5,2.4,0,3,known-common-transform,0.125,0.9083523255490872
s0_p5_C-GDP-private-noise_l9_r0,C-GDP-private-noise,5,2.7,0,0,known-common-transform,0.132,1.0169913840692781
s0_p5_C-GDP-private-noise_l9_r1,C-GDP-private-noise,5,2.7,0,1,known-common-transform,0.112,1.0170832402044785
s0_p5_C-GDP-private-noise_l9_r2,C-GDP-private-noise,5,2.7,0,2,known-common-transform,0.116,1.016124625292991
s0_p5_C-GDP-private-noise_l9_r3,C-GDP-private-noise,5,2.7,0,3,known-common-transform,0.145,1.0197541831025003
s0_p5_C-GDP_l0_r0,C-GDP,5,0.0,0,0,AM,0.645,4.970096837247269e-13
s0_p5_C-GDP_l0_r0,C-GDP,5,0.0,0,0,MP,0.645,1.0530184555365851e-14
s0_p5_C-GDP_l0_r0,C-GDP,5,0.0,0,0,OP,0.645,2.6234809581578957e-13
s0_p5_NAA-GDP_l10_r0,NAA-GDP,5,0.06,0,0,AM,0.118,1.19561729353127
s0_p5_NAA-GDP_l10_r0,NAA-GDP,5,0.06,0,0,MP,0.114,30.9829443195848
s0_p5_NAA-GDP_l10_r0,NAA-GDP,5,0.06,0,0,OP,0.126,0.7988300106052915
s0_p5_NAA-GDP_l10_r1,NAA-GDP,5,0.06,0,1,AM,0.117,1.2377915800863366
s0_p5_NAA-GDP_l10_r1,NAA-GDP,5,0.06,0,1,MP,0.125,23.765310686846654
s0_p5_NAA-GDP_l10_r1,NAA-GDP,5,0.06,0,1,OP,0.128,0.8585870900447805
s0_p5_NAA-GDP_l10_r2,NAA-GDP,5,0.06,0,2,AM,0.106,1.257106955616138
s0_p5_NAA-GDP_l10_r2,NAA-GDP,5,0.06,0,2,MP,0.086,209.77033200696857
s0_p5_NAA-GDP_l10_r2,NAA-GDP,5,0.06,0,2,OP,0.128,0.8479446745417505
s0_p5_NAA-GDP_l10_r3,NAA-GDP,5,0.06,0,3,AM,0.099,1.2621982912823917
s0_p5_NAA-GDP_l10_r3,NAA-GDP,5,0.06,0,3,MP,0.105,69.00599542372822
s0_p5_NAA-GDP_l10_r3,NAA-GDP,5,0.06,0,3,OP,0.129,0.8393975803280844
s0_p5_NAA-GDP_l1_r0,NAA-GDP,5,0.006,0,0,AM,0.531,0.11994585388857038
s0_p5_NAA-GDP_l1_r0,NAA-GDP,5,0.006,0,0,MP,0.533,0.1214673160127346
s0_p5_NAA-GDP_l1_r0,NAA-GDP,5,0.006,0,0,OP,0.563,0.08554610408336948
s0_p5_NAA-GDP_l1_r1,NAA-GDP,5,0.006,0,1,AM,0.507,0.11244123538412129
s0_p5_NAA-GDP_l1_r1,NAA-GDP,5,0.006,0,1,MP,0.49,0.11765680143178384
s0_p5_NAA-GDP_l1_r1,NAA-GDP,5,0.006,0,1,OP,0.532,0.08137346555389931
s0_p5_NAA-GDP_l1_r2,NAA-GDP,5,0.006,0,2,AM,0.481,0.11847602962192604
s0_p5_NAA-GDP_l1_r2,NAA-GDP,5,0.006,0,2,MP,0.507,0.1185541066818367
s0_p5_NAA-GDP_l1_r2,NAA-GDP,5,0.006,0,2,OP,0.517,0.08175894852720891
s0_p5_NAA-GDP_l1_r3,NAA-GDP,5,0.006,0,3,AM,0.488,0.12151347581089209
s0_p5_NAA-GDP_l1_r3,NAA-GDP,5,0.006,0,3,MP,0.516,0.12028210122506884
s0_p5_NAA-GDP_l1_r3,NAA-GDP,5,0.006,0,3,OP,0.566,0.08608528778893523
s0_p5_NAA-GDP_l2_r0,NAA-GDP,5,0.012,0,0,AM,0.329,0.23950562705978748
s0_p5_NAA-GDP_l2_r0,NAA-GDP,5,0.012,0,0,MP,0.295,0.2386394242904973
s0_p5_NAA-GDP_l2_r0,NAA-GDP,5,0.012,0,0,OP,0.437,0.1607427323959479
s0_p5_NAA-GDP_l2_r1,NAA-GDP,5,0.012,0,1,AM,0.34,0.2522169154562482
s0_p5_NAA-GDP_l2_r1,NAA-GDP,5,0.012,0,1,MP,0.35,0.24333568757750199
s0_p5_NAA-GDP_l2_r1,NAA-GDP,5,0.012,0,1,OP,0.424,0.1703261507993002
s0_p5_NAA-GDP_l2_r2,NAA-GDP,5,0.012,0,2,AM,0.342,0.2415897925752866
s0_p5_NAA-GDP_l2_r2,NAA-GDP,5,0.012,0,2,MP,0.33,0.24460795064279467
s0_p5_NAA-GDP_l2_r2,NAA-GDP,5,0.012,0,2,OP,0.447,0.16625050655618595
s0_p5_NAA-GDP_l2_r3,NAA-GDP,5,0.012,0,3,AM,0.276,0.24918678931271057
s0_p5_NAA-GDP_l2_r3,NAA-GDP,5,0.012,0,3,MP,0.281,0.2467749518577792
s0_p5_NAA-GDP_l2_r3,NAA-GDP,5,0.012,0,3,OP,0.444,0.16628426309856917
s0_p5_NAA-GDP_l3_r0,NAA-GDP,5,0.018,0,0,AM,0.162,0.36962044207156536
s0_p5_NAA-GDP_l3_r0,NAA-GDP,5,0.018,0,0,MP,0.232,0.4012339777026238
s0_p5_NAA-GDP_l3_r0,NAA-GDP,5,0.018,0,0,OP,0.335,0.25921726937159323
s0_p5_NAA-GDP_l3_r1,NAA-GDP,5,0.018,0,1,AM,0.217,0.3695160687658497
s0_p5_NAA-GDP_l3_r1,NAA-GDP,5,0.018,0,1,MP,0.229,0.4033789386642292
s0_p5_NAA-GDP_l3_r1,NAA-GDP,5,0.018,0,1,OP,0.353,0.26549392342474976
s0_p5_NAA-GDP_l3_r2,NAA-GDP,5,0.018,0,2,AM,0.156,0.38383182106779884
s0_p5_NAA-GDP_l3_r2,NAA-GDP,5,0.018,0,2,MP,0.224,0.3926690521486352
s0_p5_NAA-GDP_l3_r2,NAA-GDP,5,0.018,0,2,OP,0.343,0.2636897446474895
s0_p5_NAA-GDP_l3_r3,NAA-GDP,5,0.018,0,3,AM,0.197,0.3796184401539795
s0_p5_NAA-GDP_l3_r3,NAA-GDP,5,0.018,0,3,MP,0.215,0.38025959938566556
s0_p5_NAA-GDP_l3_r3,NAA-GDP,5,0.018,0,3,OP,0.268,0.2582191530085286
s0_p5_NAA-GDP_l4_r0,NAA-GDP,5,0.024,0,0,AM,0.182,0.5055105129503309
s0_p5_NAA-GDP_l4_r0,NAA-GDP,5,0.024,0,0,MP,0.161,0.5115856856855135
s0_p5_NAA-GDP_l4_r0,NAA-GDP,5,0.024,0,0,OP,0.322,0.3340076322920296
s0_p5_NAA-GDP_l4_r1,NAA-GDP,5,0.024,0,1,AM,0.163,0.5047321372540577
s0_p5_NAA-GDP_l4_r1,NAA-GDP,5,0.024,0,1,MP,0.197,0.5271413851539372
s0_p5_NAA-GDP_l4_r1,NAA-GDP,5,0.024,0,1,OP,0.255,0.3446801245988753
s0_p5_NAA-GDP_l4_r2,NAA-GDP,5,0.024,0,2,AM,0.191,0.5076755575136644
s0_p5_NAA-GDP_l4_r2,NAA-GDP,5,0.024,0,2,MP,0.213,0.530171527984805
s0_p5_NAA-GDP_l4_r2,NAA-GDP,5,0.024,0,2,OP,0.222,0.33898066266773924
s0_p5_NAA-GDP_l4_r3,NAA-GDP,5,0.024,0,3,AM,0.16,0.4933146303849139
s0_p5_NAA-GDP_l4_r3,NAA-GDP,5,0.024,0,3,MP,0.133,0.5277873272645033
s0_p5_NAA-GDP_l4_r3,NAA-GDP,5,0.024,0,3,OP,0.273,0.3402129146149156
s0_p5_NAA-GDP_l5_r0,NAA-GDP,5,0.03,0,0,AM,0.213,0.6381244147511087
s0_p5_NAA-GDP_l5_r0,NAA-GDP,5,0.03,0,0,MP,0.154,0.725217643975444
s0_p5_NAA-GDP_l5_r0,NAA-GDP,5,0.03,0,0,OP,0.189,0.4279192977562211
s0_p5_NAA-GDP_l5_r1,NAA-GDP,5,0.03,0,1,AM,0.177,0.6763610252338157
s0_p5_NAA-GDP_l5_r1,NAA-GDP,5,0.03,0,1,MP,0.121,0.7476959477840942
s0_p5_NAA-GDP_l5_r1,NAA-GDP,5,0.03,0,1,OP,0.28,0.4324213738850152
s0_p5_NAA-GDP_l5_r2,NAA-GDP,5,0.03,0,2,AM,0.2,0.6496774328486397
s0_p5_NAA-GDP_l5_r2,NAA-GDP,5,0.03,0,2,MP,0.162,0.7909467950330286
s0_p5_NAA-GDP_l5_r2,NAA-GDP,5,0.03,0,2,OP,0.281,0.40701742207524444
s0_p5_NAA-GDP_l5_r3,NAA-GDP,5,0.03,0,3,AM,0.138,0.6630475094643904
s0_p5_NAA-GDP_l5_r3,NAA-GDP,5,0.03,0,3,MP,0.152,0.7538600428107602
s0_p5_NAA-GDP_l5_r3,NAA-GDP,5,0.03,0,3,OP,0.24,0.41124900155669714
s0_p5_NAA-GDP_l6_r0,NAA-GDP,5,0.036,0,0,AM,0.095,0.8256749778398997
s0_p5_NAA-GDP_l6_r0,NAA-GDP,5,0.036,0,0,MP,0.212,1.1111095542489318
s0_p5_NAA-GDP_l6_r0,NAA-GDP,5,0.036,0,0,OP,0.253,0.5330574081489696
s0_p5_NAA-GDP_l6_r1,NAA-GDP,5,0.036,0,1,AM,0.107,0.8273157780396602
s0_p5_NAA-GDP_l6_r1,NAA-GDP,5,0.036,0,1,MP,0.154,1.0609391217697413
s0_p5_NAA-GDP_l6_r1,NAA-GDP,5,0.036,0,1,OP,0.146,0.4856062499808753
s0_p5_NAA-GDP_l6_r2,NAA-GDP,5,0.036,0,2,AM,0.113,0.8806226972259016
s0_p5_NAA-GDP_l6_r2,NAA-GDP,5,0.036,0,2,MP,0.109,1.1630651543386235
s0_p5_NAA-GDP_l6_r2,NAA-GDP,5,0.036,0,2,OP,0.129,0.5357612174929737
s0_p5_NAA-GDP_l6_r3,NAA-GDP,5,0.036,0,3,AM,0.131,0.8090968684350868
s0_p5_NAA-GDP_l6_r3,NAA-GDP,5,0.036,0,3,MP,0.134,1.025402759375488
s0_p5_NAA-GDP_l6_r3,NAA-GDP,5,0.036,0,3,OP,0.203,0.49127394440493033
s0_p5_NAA-GDP_l7_r0,NAA-GDP,5,0.042,0,0,AM,0.13,0.975296981764082
s0_p5_NAA-GDP_l7_r0,NAA-GDP,5,0.042,0,0,MP,0.107,1.7662021087788837
s0_p5_NAA-GDP_l7_r0,NAA-GDP,5,0.042,0,0,OP,0.139,0.5766261820364122
s0_p5_NAA-GDP_l7_r1,NAA-GDP,5,0.042,0,1,AM,0.111,1.0458006241780007
s0_p5_NAA-GDP_l7_r1,NAA-GDP,5,0.042,0,1,MP,0.126,1.5512001729763656
s0_p5_NAA-GDP_l7_r1,NAA-GDP,5,0.042,0,1,OP,0.123,0.6039423876969795
s0_p5_NAA-GDP_l7_r2,NAA-GDP,5,0.042,0,2,AM,0.096,1.0249199279300616
s0_p5_NAA-GDP_l7_r2,NAA-GDP,5,0.042,0,2,MP,0.096,1.6177882352639494
s0_p5_NAA-GDP_l7_r2,NAA-GDP,5,0.042,0,2,OP,0.143,0.5865124889608775
s0_p5_NAA-GDP_l7_r3,NAA-GDP,5,0.042,0,3,AM,0.141,0.9786555869368722
s0_p5_NAA-GDP_l7_r3,NAA-GDP,5,0.042,0,3,MP,0.148,1.595237653137836
s0_p5_NAA-GDP_l7_r3,NAA-GDP,5,0.042,0,3,OP,0.198,0.5787325453714536
s0_p5_NAA-GDP_l8_r0,NAA-GDP,5,0.048,0,0,AM,0.109,1.1579132608502412
s0_p5_NAA-GDP_l8_r0,NAA-GDP,5,0.048,0,0,MP,0.099,9.363009370458679
s0_p5_NAA-GDP_l8_r0,NAA-GDP,5,0.048,0,0,OP,0.105,0.6873469536834275
s0_p5_NAA-GDP_l8_r1,NAA-GDP,5,0.048,0,1,AM,0.083,1.1145450703385136
s0_p5_NAA-GDP_l8_r1,NAA-GDP,5,0.048,0,1,MP,0.095,3.1966417913969374
s0_p5_NAA-GDP_l8_r1,NAA-GDP,5,0.048,0,1,OP,0.165,0.643684158688155
s0_p5_NAA-GDP_l8_r2,NAA-GDP,5,0.048,0,2,AM,0.132,1.129673046261449
s0_p5_NAA-GDP_l8_r2,NAA-GDP,5,0.048,0,2,MP,0.096,4.236537109284254
s0_p5_NAA-GDP_l8_r2,NAA-GDP,5,0.048,0,2,OP,0.138,0.7008536306552584
s0_p5_NAA-GDP_l8_r3,NAA-GDP,5,0.048,0,3,AM,0.11,1.097460463668758
s0_p5_NAA-GDP_l8_r3,NAA-GDP,5,0.048,0,3,MP,0.105,27.740123017750697
s0_p5_NAA-GDP_l8_r3,NAA-GDP,5,0.048,0,3,OP,0.139,0.6706104749723237
s0_p5_NAA-GDP_l9_r0,NAA-GDP,5,0.054,0,0,AM,0.119,1.1966148666849357
s0_p5_NAA-GDP_l9_r0,NAA-GDP,5,0.054,0,0,MP,0.1,18.65892799522503
s0_p5_NAA-GDP_l9_r0,NAA-GDP,5,0.054,0,0,OP,0.159,0.774026492745458
s0_p5_NAA-GDP_l9_r1,NAA-GDP,5,0.054,0,1,AM,0.107,1.1753264662669434
s0_p5_NAA-GDP_l9_r1,NAA-GDP,5,0.054,0,1,MP,0.09,24.821939298175757
s0_p5_NAA-GDP_l9_r1,NAA-GDP,5,0.054,0,1,OP,0.118,0.7540208507074724
s0_p5_NAA-GDP_l9_r2,NAA-GDP,5,0.054,0,2,AM,0.101,1.131328870291358
s0_p5_NAA-GDP_l9_r2,NAA-GDP,5,0.054,0,2,MP,0.111,9.474453080223553
s0_p5_NAA-GDP_l9_r2,NAA-GDP,5,0.054,0,2,OP,0.115,0.7382915112801824
s0_p5_NAA-GDP_l9_r3,NAA-GDP,5,0.054,0,3,AM,0.136,1.1870209782584449
s0_p5_NAA-GDP_l9_r3,NAA-GDP,5,0.054,0,3,MP,0.092,18.373614696986696
s0_p5_NAA-GDP_l9_r3,NAA-GDP,5,0.054,0,3,OP,0.139,0.7575964311229422
s1_p5_AA-GDP_l0_r0,AA-GDP,5,0.0,1,0,AM,0.634,4.830107814220704e-13
s1_p5_AA-GDP_l0_r0,AA-GDP,5,0.0,1,0,MP,0.634,1.0820850959090877e-14
s1_p5_AA-GDP_l0_r0,AA-GDP,5,0.0,1,0,OP,0.634,2.491614798817862e-13
s1_p5_C-GDP-private-noise_l10_r0,C-GDP-private-noise,5,3.0,1,0,known-common-transform,0.134,1.1515649187662904
s1_p5_C-GDP-private-noise_l10_r1,C-GDP-private-noise,5,3.0,1,1,known-common-transform,0.108,1.149944892213899
s1_p5_C-GDP-private-noise_l10_r2,C-GDP-private-noise,5,3.0,1,2,known-common-transform,0.11,1.1506262875930822
s1_p5_C-GDP-private-noise_l10_r3,C-GDP-private-noise,5,3.0,1,3,known-common-transform,0.107,1.1511860227024104
s1_p5_C-GDP-private-noise_l1_r0,C-GDP-private-noise,5,0.3,1,0,known-common-transform,0.544,0.11460742488184335
s1_p5_C-GDP-private-noise_l1_r1,C-GDP-private-noise,5,0.3,1,1,known-common-transform,0.519,0.115105121167405
s1_p5_C-GDP-private-noise_l1_r2,C-GDP-private-noise,5,0.3,1,2,known-common-transform,0.528,0.11442807291950065
s1_p5_C-GDP-private-noise_l1_r3,C-GDP-private-noise,5,0.3,1,3,known-common-transform,0.516,0.1150309024230591
s1_p5_C-GDP-private-noise_l2_r0,C-GDP-private-noise,5,0.6,1,0,known-common-transform,0.335,0.2297302316399069
s1_p5_C-GDP-private-noise_l2_r1,C-GDP-private-noise,5,0.6,1,1,known-common-transform,0.344,0.22879860891045734
s1_p5_C-GDP-private-noise_l2_r2,C-GDP-private-noise,5,0.6,1,2,known-common-transform,0.399,0.22944119818876188
s1_p5_C-GDP-private-noise_l2_r3,C-GDP-private-noise,5,0.6,1,3,known-common-transform,0.326,0.22928691128964776
s1_p5_C-GDP-private-noise_l3_r0,C-GDP-private-noise,5,0.9,1,0,known-common-transform,0.322,0.34625375497049665
s1_p5_C-GDP-private-noise_l3_r1,C-GDP-private-noise,5,0.9,1,1,known-common-transform,0.23,0.3443092671322714
s1_p5_C-GDP-private-noise_l3_r2,C-GDP-private-noise,5,0.9,1,2,known-common-transform,0.319,0.34470033927775195
s1_p5_C-GDP-private-noise_l3_r3,C-GDP-private-noise,5,0.9,1,3,known-common-transform,0.278,0.3444244698289698
s1_p5_C-GDP-private-noise_l4_r0,C-GDP-private-noise,5,1.2,1,0,known-common-transform,0.234,0.45995234223242465
s1_p5_C-GDP-private-noise_l4_r1,C-GDP-private-noise,5,1.2,1,1,known-common-transform,0.167,0.4609090946222939
s1_p5_C-GDP-private-noise_l4_r2,C-GDP-private-noise,5,1.2,1,2,known-common-transform,0.159,0.4576324768985746
s1_p5_C-GDP-private-noise_l4_r3,C-GDP-private-noise,5,1.2,1,3,known-common-transform,0.191,0.45871325454300715
s1_p5_C-GDP-private-noise_l5_r0,C-GDP-private-noise,5,1.5,1,0,known-common-transform,0.188,0.5754736199890444
s1_p5_C-GDP-private-noise_l5_r1,C-GDP-private-noise,5,1.5,1,1,known-common-transform,0.173,0.5743621397563574
s1_p5_C-GDP-private-noise_l5_r2,C-GDP-private-noise,5,1.5,1,2,known-common-transform,0.183,0.5751600712087319
s1_p5_C-GDP-private-noise_l5_r3,C-GDP-private-noise,5,1.5,1,3,known-common-transform,0.154,0.5744387555571568
s1_p5_C-GDP-private-noise_l6_r0,C-GDP-private-noise,5,1.8,1,0,known-common-transform,0.132,0.6893830323363873
s1_p5_C-GDP-private-noise_l6_r1,C-GDP-private-noise,5,1.8,1,1,known-common-transform,0.161,0.6935477611068251
s1_p5_C-GDP-private-noise_l6_r2,C-GDP-private-noise,5,1.8,1,2,known-common-transform,0.122,0.691076842097132
s1_p5_C-GDP-private-noise_l6_r3,C-GDP-private-noise,5,1.8,1,3,known-common-transform,0.141,0.6826298677615922
s1_p5_C-GDP-private-noise_l7_r0,C-GDP-private-noise,5,2.1,1,0,known-common-transform,0.132,0.8008181068825312
s1_p5_C-GDP-private-noise_l7_r1,C-GDP-private-noise,5,2.1,1,1,known-common-transform,0.143,0.8087175024527596
s1_p5_C-GDP-private-noise_l7_r2,C-GDP-private-noise,5,2.1,1,2,known-common-transform,0.136,0.8021238581021786
s1_p5_C-GDP-private-noise_l7_r3,C-GDP-private-noise,5,2.1,1,3,known-common-transform,0.124,0.804016988103251
s1_p5_C-GDP-private-noise_l8_r0,C-GDP-private-noise,5,2.4,1,0,known-common-transform,0.104,0.9178065325546548
s1_p5_C-GDP-private-noise_l8_r1,C-GDP-private-noise,5,2.4,1,1,known-common-transform,0.137,0.9144184641480724
s1_p5_C-GDP-private-noise_l8_r2,C-GDP-private-noise,5,2.4,1,2,known-common-transform,0.098,0.9140934743973471
s1_p5_C-GDP-private-noise_l8_r3,C-GDP-private-noise,5,2.4,1,3,known-common-transform,0.113,0.9148352283385205
s1_p5_C-GDP-private-noise_l9_r0,C-GDP-private-noise,5,2.7,1,0,known-common-transform,0.123,1.0322696991753457
s1_p5_C-GDP-private-noise_l9_r1,C-GDP-private-noise,5,2.7,1,1,known-common-transform,0.139,1.0250115371955755
s1_p5_C-GDP-private-noise_l9_r2,C-GDP-private-noise,5,2.7,1,2,known-common-transform,0.099,1.0355322740781188
s1_p5_C-GDP-private-noise_l9_r3,C-GDP-private-noise,5,2.7,1,3,known-common-transform,0.154,1.037918232478853
s1_p5_C-GDP_l0_r0,C-GDP,5,0.0,1,0,AM,0.634,4.830107814220704e-13
s1_p5_C-GDP_l0_r0,C-GDP,5,0.0,1,0,MP,0.634,1.0820850959090877e-14
s1_p5_C-GDP_l0_r0,C-GDP,5,0.0,1,0,OP,0.634,2.491614798817862e-13
s1_p5_NAA-GDP_l10_r0,NAA-GDP,5,0.06,1,0,AM,0.114,1.2020958073783892
s1_p5_NAA-GDP_l10_r0,NAA-GDP,5,0.06,1,0,MP,0.107,11.896812869201433
s1_p5_NAA-GDP_l10_r0,NAA-GDP,5,0.06,1,0,OP,0.123,0.7907884916648308
s1_p5_NAA-GDP_l10_r1,NAA-GDP,5,0.06,1,1,AM,0.119,1.2148017575963244
s1_p5_NAA-GDP_l10_r1,NAA-GDP,5,0.06,1,1,MP,0.099,28.50836087071541
s1_p5_NAA-GDP_l10_r1,NAA-GDP,5,0.06,1,1,OP,0.116,0.835674101664949
s1_p5_NAA-GDP_l10_r2,NAA-GDP,5,0.06,1,2,AM,0.096,1.2412761290340617
s1_p5_NAA-GDP_l10_r2,NAA-GDP,5,0.06,1,2,MP,0.093,8.497706159544366
s1_p5_NAA-GDP_l10_r2,NAA-GDP,5,0.06,1,2,OP,0.161,0.8711980234616298
s1_p5_NAA-GDP_l10_r3,NAA-GDP,5,0.06,1,3,AM,0.095,1.2754126691485836
s1_p5_NAA-GDP_l10_r3,NAA-GDP,5,0.06,1,3,MP,0.111,14.526698544800146
s1_p5_NAA-GDP_l10_r3,NAA-GDP,5,0.06,1,3,OP,0.105,0.8436295639756737
s1_p5_NAA-GDP_l1_r0,NAA-GDP,5,0.006,1,0,AM,0.502,0.12128338074572115
s1_p5_NAA-GDP_l1_r0,NAA-GDP,5,0.006,1,0,MP,0.555,0.11531675355051293
s1_p5_NAA-GDP_l1_r0,NAA-GDP,5,0.006,1,0,OP,0.58,0.08245681137428833
s1_p5_NAA-GDP_l1_r1,NAA-GDP,5,0.006,1,1,AM,0.546,0.12176770303872295
s1_p5_NAA-GDP_l1_r1,NAA-GDP,5,0.006,1,1,MP,0.483,0.1221008492015212
s1_p5_NAA-GDP_l1_r1,NAA-GDP,5,0.006,1,1,OP,0.6,0.08606240733158346
s1_p5_NAA-GDP_l1_r2,NAA-GDP,5,0.006,1,2,AM,0.481,0.11869175616871531
s1_p5_NAA-GDP_l1_r2,NAA-GDP,5,0.006,1,2,MP,0.491,0.12181973078756796
s1_p5_NAA-GDP_l1_r2,NAA-GDP,5,0.006,1,2,OP,0.575,0.08435412822919922
s1_p5_NAA-GDP_l1_r3,NAA-GDP,5,0.006,1,3,AM,0.492,0.12196176945528127
s1_p5_NAA-GDP_l1_r3,NAA-GDP,5,0.006,1,3,MP,0.493,0.12169603055501324
s1_p5_NAA-GDP_l1_r3,NAA-GDP,5,0.006,1,3,OP,0.528,0.08540102529766523
s1_p5_NAA-GDP_l2_r0,NAA-GDP,5,0.012,1,0,AM,0.369,0.2515887048765296
s1_p5_NAA-GDP_l2_r0,NAA-GDP,5,0.012,1,0,MP,0.405,0.25127343829852494
s1_p5_NAA-GDP_l2_r0,NAA-GDP,5,0.012,1,0,OP,0.467,0.17109187635976802
s1_p5_NAA-GDP_l2_r1,NAA-GDP,5,0.012,1,1,AM,0.338,0.24075227825704734
s1_p5_NAA-GDP_l2_r1,NAA-GDP,5,0.012,1,1,MP,0.342,0.24540100030874606
s1_p5_NAA-GDP_l2_r1,NAA-GDP,5,0.012,1,1,OP,0.426,0.17054566670625823
s1_p5_NAA-GDP_l2_r2,NAA-GDP,5,0.012,1,2,AM,0.334,0.23250163783942598
s1_p5_NAA-GDP_l2_r2,NAA-GDP,5,0.012,1,2,MP,0.406,0.2399000126381578
s1_p5_NAA-GDP_l2_r2,NAA-GDP,5,0.012,1,2,OP,0.42,0.1622009810065627
s1_p5_NAA-GDP_l2_r3,NAA-GDP,5,0.012,1,3,AM,0.361,0.2396231382167868
s1_p5_NAA-GDP_l2_r3,NAA-GDP,5,0.012,1,3,MP,0.333,0.2497080650475756
s1_p5_NAA-GDP_l2_r3,NAA-GDP,5,0.012,1,3,OP,0.427,0.16618525799582434
s1_p5_NAA-GDP_l3_r0,NAA-GDP,5,0.018,1,0,AM,0.213,0.3727825416864993
s1_p5_NAA-GDP_l3_r0,NAA-GDP,5,0.018,1,0,MP,0.272,0.35922214303375294
s1_p5_NAA-GDP_l3_r0,NAA-GDP,5,0.018,1,0,OP,0.365,0.2546458744793567
s1_p5_NAA-GDP_l3_r1,NAA-GDP,5,0.018,1,1,AM,0.171,0.37641125595198033
s1_p5_NAA-GDP_l3_r1,NAA-GDP,5,0.018,1,1,MP,0.258,0.3848496889921742
s1_p5_NAA-GDP_l3_r1,NAA-GDP,5,0.018,1,1,OP,0.308,0.24695309168696783
s1_p5_NAA-GDP_l3_r2,NAA-GDP,5,0.018,1,2,AM,0.26,0.3652065082650168
s1_p5_NAA-GDP_l3_r2,NAA-GDP,5,0.018,1,2,MP,0.289,0.4047375282663777
s1_p5_NAA-GDP_l3_r2,NAA-GDP,5,0.018,1,2,OP,0.353,0.25802456890665043
s1_p5_NAA-GDP_l3_r3,NAA-GDP,5,0.018,1,3,AM,0.208,0.36567044902774987
s1_p5_NAA-GDP_l3_r3,NAA-GDP,5,0.018,1,3,MP,0.25,0.38820825724328156
s1_p5_NAA-GDP_l3_r3,NAA-GDP,5,0.018,1,3,OP,0.244,0.2562854347068013
s1_p5_NAA-GDP_l4_r0,NAA-GDP,5,0.024,1,0,AM,0.147,0.4960926291335264
s1_p5_NAA-GDP_l4_r0,NAA-GDP,5,0.024,1,0,MP,0.137,0.5493587100331916
s1_p5_NAA-GDP_l4_r0,NAA-GDP,5,0.024,1,0,OP,0.225,0.3191282718057044
s1_p5_NAA-GDP_l4_r1,NAA-GDP,5,0.024,1,1,AM,0.176,0.4874898451569106
s1_p5_NAA-GDP_l4_r1,NAA-GDP,5,0.024,1,1,MP,0.191,0.5452478641514152
s1_p5_NAA-GDP_l4_r1,NAA-GDP,5,0.024,1,1,OP,0.271,0.33747696669912064
s1_p5_NAA-GDP_l4_r2,NAA-GDP,5,0.024,1,2,AM,0.141,0.49059218726204346
s1_p5_NAA-GDP_l4_r2,NAA-GDP,5,0.024,1,2,MP,0.234,0.5267043555529348
s1_p5_NAA-GDP_l4_r2,NAA-GDP,5,0.024,1,2,OP,0.222,0.3305377325201986
s1_p5_NAA-GDP_l4_r3,NAA-GDP,5,0.024,1,3,AM,0.167,0.49273513298669264
s1_p5_NAA-GDP_l4_r3,NAA-GDP,5,0.024,1,3,MP,0.219,0.5627618220717443
s1_p5_NAA-GDP_l4_r3,NAA-GDP,5,0.024,1,3,OP,0.242,0.34927888488328296
s1_p5_NAA-GDP_l5_r0,NAA-GDP,5,0.03,1,0,AM,0.132,0.6781733879265408
s1_p5_NAA-GDP_l5_r0,NAA-GDP,5,0.03,1,0,MP,0.195,0.802497494375476
s1_p5_NAA-GDP_l5_r0,NAA-GDP,5,0.03,1,0,OP,0.22,0.42853613719027006
s1_p5_NAA-GDP_l5_r1,NAA-GDP,5,0.03,1,1,AM,0.147,0.6428439507435144
s1_p5_NAA-GDP_l5_r1,NAA-GDP,5,0.03,1,1,MP,0.191,0.7435468203460233
s1_p5_NAA-GDP_l5_r1,NAA-GDP,5,0.03,1,1,OP,0.209,0.4007217910827561
s1_p5_NAA-GDP_l5_r2,NAA-GDP,5,0.03,1,2,AM,0.178,0.63850529579376
s1_p5_NAA-GDP_l5_r2,NAA-GDP,5,0.03,1,2,MP,0.173,0.7364678559013924
s1_p5_NAA-GDP_l5_r2,NAA-GDP,5,0.03,1,2,OP,0.27,0.4204847210421368
s1_p5_NAA-GDP_l5_r3,NAA-GDP,5,0.03,1,3,AM,0.163,0.6533480340358788
s1_p5_NAA-GDP_l5_r3,NAA-GDP,5,0.03,1,3,MP,0.148,0.7810888526825427
s1_p5_NAA-GDP_l5_r3,NAA-GDP,5,0.03,1,3,OP,0.261,0.43107169197270284
s1_p5_NAA-GDP_l6_r0,NAA-GDP,5,0.036,1,0,AM,0.16,0.8087929005316074
s1_p5_NAA-GDP_l6_r0,NAA-GDP,5,0.036,1,0,MP,0.115,1.093859241407212
s1_p5_NAA-GDP_l6_r0,NAA-GDP,5,0.036,1,0,OP,0.254,0.48945845506216606
s1_p5_NAA-GDP_l6_r1,NAA-GDP,5,0.036,1,1,AM,0.136,0.788500064715755
s1_p5_NAA-GDP_l6_r1,NAA-GDP,5,0.036,1,1,MP,0.123,1.169326801203779
s1_p5_NAA-GDP_l6_r1,NAA-GDP,5,0.036,1,1,OP,0.192,0.48871133317088883
s1_p5_NAA-GDP_l6_r2,NAA-GDP,5,0.036,1,2,AM,0.117,0.8374992828479096
s1_p5_NAA-GDP_l6_r2,NAA-GDP,5,0.036,1,2,MP,0.117,0.8856587253827732
s1_p5_NAA-GDP_l6_r2,NAA-GDP,5,0.036,1,2,OP,0.176,0.5009605461542408
s1_p5_NAA-GDP_l6_r3,NAA-GDP,5,0.036,1,3,AM,0.159,0.8124391130068599
s1_p5_NAA-GDP_l6_r3,NAA-GDP,5,0.036,1,3,MP,0.117,1.0893460283039957
s1_p5_NAA-GDP_l6_r3,NAA-GDP,5,0.036,1,3,OP,0.217,0.4935936260629896
s1_p5_NAA-GDP_l7_r0,NAA-GDP,5,0.042,1,0,AM,0.114,1.0409639050811137
s1_p5_NAA-GDP_l7_r0,NAA-GDP,5,0.042,1,0,MP,0.105,1.4665081537236602
s1_p5_NAA-GDP_l7_r0,NAA-GDP,5,0.042,1,0,OP,0.152,0.5901347409900664
s1_p5_NAA-GDP_l7_r1,NAA-GDP,5,0.042,1,1,AM,0.177,0.9549467230102037
s1_p5_NAA-GDP_l7_r1,NAA-GDP,5,0.042,1,1,MP,0.12,1.8792605781077047
s1_p5_NAA-GDP_l7_r1,NAA-GDP,5,0.042,1,1,OP,0.196,0.5975286737234334
s1_p5_NAA-GDP_l7_r2,NAA-GDP,5,0.042,1,2,AM,0.15,0.9588674849938164
s1_p5_NAA-GDP_l7_r2,NAA-GDP,5,0.042,1,2,MP,0.12,1.398102953871822
s1_p5_NAA-GDP_l7_r2,NAA-GDP,5,0.042,1,2,OP,0.2,0.5887360140800586
s1_p5_NAA-GDP_l7_r3,NAA-GDP,5,0.042,1,3,AM,0.1,0.9590248555522349
s1_p5_NAA-GDP_l7_r3,NAA-GDP,5,0.042,1,3,MP,0.137,1.4200583110552742
s1_p5_NAA-GDP_l7_r3,NAA-GDP,5,0.042,1,3,OP,0.184,0.5721813807523126
s1_p5_NAA-GDP_l8_r0,NAA-GDP,5,0.048,1,0,AM,0.102,1.089984918025063
s1_p5_NAA-GDP_l8_r0,NAA-GDP,5,0.048,1,0,MP,0.095,3.1605466086881466
s1_p5_NAA-GDP_l8_r0,NAA-GDP,5,0.048,1,0,OP,0.116,0.6715785837948098
s1_p5_NAA-GDP_l8_r1,NAA-GDP,5,0.048,1,1,AM,0.107,1.0710179679604763
s1_p5_NAA-GDP_l8_r1,NAA-GDP,5,0.048,1,1,MP,0.104,27.762629056569853
s1_p5_NAA-GDP_l8_r1,NAA-GDP,5,0.048,1,1,OP,0.144,0.673583099037695
s1_p5_NAA-GDP_l8_r2,NAA-GDP,5,0.048,1,2,AM,0.086,1.1020331632415572
s1_p5_NAA-GDP_l8_r2,NAA-GDP,5,0.048,1,2,MP,0.11,5.358328964228781
s1_p5_NAA-GDP_l8_r2,NAA-GDP,5,0.048,1,2,OP,0.136,0.6633569123292352
s1_p5_NAA-GDP_l8_r3,NAA-GDP,5,0.048,1,3,AM,0.126,1.142615025905559
s1_p5_NAA-GDP_l8_r3,NAA-GDP,5,0.048,1,3,MP,0.097,3.3200058722629042
s1_p5_NAA-GDP_l8_r3,NAA-GDP,5,0.048,1,3,OP,0.143,0.6776334685368097
s1_p5_NAA-GDP_l9_r0,NAA-GDP,5,0.054,1,0,AM,0.097,1.1872515348697168
s1_p5_NAA-GDP_l9_r0,NAA-GDP,5,0.054,1,0,MP,0.093,4.570033579119863
s1_p5_NAA-GDP_l9_r0,NAA-GDP,5,0.054,1,0,OP,0.121,0.7466256523819395
s1_p5_NAA-GDP_l9_r1,NAA-GDP,5,0.054,1,1,AM,0.105,1.1662310907799938
s1_p5_NAA-GDP_l9_r1,NAA-GDP,5,0.054,1,1,MP,0.114,6.8243509018762305
s1_p5_NAA-GDP_l9_r1,NAA-GDP,5,0.054,1,1,OP,0.106,0.7501161473809932
s1_p5_NAA-GDP_l9_r2,NAA-GDP,5,0.054,1,2,AM,0.097,1.1814355881679717
s1_p5_NAA-GDP_l9_r2,NAA-GDP,5,0.054,1,2,MP,0.097,24.70242720311966
s1_p5_NAA-GDP_l9_r2,NAA-GDP,5,0.054,1,2,OP,0.127,0.7861760781209469
s1_p5_NAA-GDP_l9_r3,NAA-GDP,5,0.054,1,3,AM,0.114,1.199627106579933
s1_p5_NAA-GDP_l9_r3,NAA-GDP,5,0.054,1,3,MP,0.09,17.043878547959572
s1_p5_NAA-GDP_l9_r3,NAA-GDP,5,0.054,1,3,OP,0.125,0.787162025282523
s2_p5_AA-GDP_l0_r0,AA-GDP,5,0.0,2,0,AM,0.679,4.995337949851049e-13
s2_p5_AA-GDP_l0_r0,AA-GDP,5,0.0,2,0,MP,0.679,1.0033702388141335e-14
s2_p5_AA-GDP_l0_r0,AA-GDP,5,0.0,2,0,OP,0.679,2.569905804139721e-13
s2_p5_C-GDP-private-noise_l10_r0,C-GDP-private-noise,5,3.0,2,0,known-common-transform,0.137,1.113023319132273
s2_p5_C-GDP-private-noise_l10_r1,C-GDP-private-noise,5,3.0,2,1,known-common-transform,0.134,1.1188124193254563
s2_p5_C-GDP-private-noise_l10_r2,C-GDP-private-noise,5,3.0,2,2,known-common-transform,0.108,1.1099849450608057
s2_p5_C-GDP-private-noise_l10_r3,C-GDP-private-noise,5,3.0,2,3,known-common-transform,0.143,1.1136631180574195
s2_p5_C-GDP-private-noise_l1_r0,C-GDP-private-noise,5,0.3,2,0,known-common-transform,0.503,0.11148467106123205
s2_p5_C-GDP-private-noise_l1_r1,C-GDP-private-noise,5,0.3,2,1,known-common-transform,0.487,0.11090751921508847
s2_p5_C-GDP-private-noise_l1_r2,C-GDP-private-noise,5,0.3,2,2,known-common-transform,0.524,0.11116692501306473
s2_p5_C-GDP-private-noise_l1_r3,C-GDP-private-noise,5,0.3,2,3,known-common-transform,0.55,0.11101148180941196
s2_p5_C-GDP-private-noise_l2_r0,C-GDP-private-noise,5,0.6,2,0,known-common-transform,0.369,0.22223684233774507
s2_p5_C-GDP-private-noise_l2_r1,C-GDP-private-noise,5,0.6,2,1,known-common-transform,0.31,0.2227098244605932
s2_p5_C-GDP-private-noise_l2_r2,C-GDP-private-noise,5,0.6,2,2,known-common-transform,0.346,0.22232686308347824
s2_p5_C-GDP-private-noise_l2_r3,C-GDP-private-noise,5,0.6,2,3,known-common-transform,0.375,0.2235733183093637
s2_p5_C-GDP-private-noise_l3_r0,C-GDP-private-noise,5,0.9,2,0,known-common-transform,0.296,0.3339747845177395
s2_p5_C-GDP-private-noise_l3_r1,C-GDP-private-noise,5,0.9,2,1,known-common-transform,0.292,0.33378765131249954
s2_p5_C-GDP-private-noise_l3_r2,C-GDP-private-noise,5,0.9,2,2,known-common-transform,0.248,0.3340722792481811
s2_p5_C-GDP-private-noise_l3_r3,C-GDP-private-noise,5,0.9,2,3,known-common-transform,0.257,0.33396117127140873
s2_p5_C-GDP-private-noise_l4_r0,C-GDP-private-noise,5,1.2,2,0,known-common-transform,0.184,0.4455883932932836
s2_p5_C-GDP-private-noise_l4_r1,C-GDP-private-noise,5,1.2,2,1,known-common-transform,0.167,0.44752938629631667
s2_p5_C-GDP-private-noise_l4_r2,C-GDP-private-noise,5,1.2,2,2,known-common-transform,0.213,0.44608814419647136
s2_p5_C-GDP-private-noise_l4_r3,C-GDP-private-noise,5,1.2,2,3,known-common-transform,0.219,0.44573256336988654
s2_p5_C-GDP-private-noise_l5_r0,C-GDP-private-noise,5,1.5,2,0,known-common-transform,0.165,0.5579700486756952
s2_p5_C-GDP-private-noise_l5_r1,C-GDP-private-noise,5,1.5,2,1,known-common-transform,0.179,0.5561180084082059
s2_p5_C-GDP-private-noise_l5_r2,C-GDP-private-noise,5,1.5,2,2,known-common-transform,0.154,0.5566718286718709
s2_p5_C-GDP-private-noise_l5_r3,C-GDP-private-noise,5,1.5,2,3,known-common-transform,0.168,0.5564562256168063
s2_p5_C-GDP-private-noise_l6_r0,C-GDP-private-noise,5,1.8,2,0,known-common-transform,0.161,0.6684832620285341
s2_p5_C-GDP-private-noise_l6_r1,C-GDP-private-noise,5,1.8,2,1,known-common-transform,0.175,0.6671218170880475
s2_p5_C-GDP-private-noise_l6_r2,C-GDP-private-noise,5,1.8,2,2,known-common-transform,0.221,0.668177151107485
s2_p5_C-GDP-private-noise_l6_r3,C-GDP-private-noise,5,1.8,2,3,known-common-transform,0.173,0.6661122667520555
s2_p5_C-GDP-private-noise_l7_r0,C-GDP-private-noise,5,2.1,2,0,known-common-transform,0.145,0.7808811182779016
s2_p5_C-GDP-private-noise_l7_r1,C-GDP-private-noise,5,2.1,2,1,known-common-transform,0.168,0.7826495388525897
s2_p5_C-GDP-private-noise_l7_r2,C-GDP-private-noise,5,2.1,2,2,known-common-transform,0.174,0.7778913297914269
s2_p5_C-GDP-private-noise_l7_r3,C-GDP-private-noise,5,2.1,2,3,known-common-transform,0.177,0.7821859854805565
s2_p5_C-GDP-private-noise_l8_r0,C-GDP-private-noise,5,2.4,2,0,known-common-transform,0.103,0.8947290476426678
s2_p5_C-GDP-private-noise_l8_r1,C-GDP-private-noise,5,2.4,2,1,known-common-transform,0.168,0.8867626790457466
s2_p5_C-GDP-private-noise_l8_r2,C-GDP-private-noise,5,2.4,2,2,known-common-transform,0.153,0.8854227809681632
s2_p5_C-GDP-private-noise_l8_r3,C-GDP-private-noise,5,2.4,2,3,known-common-transform,0.172,0.8892835939426356
s2_p5_C-GDP-private-noise_l9_r0,C-GDP-private-noise,5,2.7,2,0,known-common-transform,0.13,1.002582615803317
s2_p5_C-GDP-private-noise_l9_r1,C-GDP-private-noise,5,2.7,2,1,known-common-transform,0.116,0.9966099458373547
s2_p5_C-GDP-private-noise_l9_r2,C-GDP-private-noise,5,2.7,2,2,known-common-transform,0.134,1.0003319293786372
s2_p5_C-GDP-private-noise_l9_r3,C-GDP-private-noise,5,2.7,2,3,known-common-transform,0.148,1.0031843665817437
s2_p5_C-GDP_l0_r0,C-GDP,5,0.0,2,0,AM,0.679,4.995337949851049e-13
s2_p5_C-GDP_l0_r0,C-GDP,5,0.0,2,0,MP,0.679,1.0033702388141335e-14
s2_p5_C-GDP_l0_r0,C-GDP,5,0.0,2,0,OP,0.679,2.569905804139721e-13
s2_p5_NAA-GDP_l10_r0,NAA-GDP,5,0.06,2,0,AM,0.099,1.210880933264219
s2_p5_NAA-GDP_l10_r0,NAA-GDP,5,0.06,2,0,MP,0.094,13.303789669613586
s2_p5_NAA-GDP_l10_r0,NAA-GDP,5,0.06,2,0,OP,0.101,0.8195496968473894
s2_p5_NAA-GDP_l10_r1,NAA-GDP,5,0.06,2,1,AM,0.113,1.2279645301720121
s2_p5_NAA-GDP_l10_r1,NAA-GDP,5,0.06,2,1,MP,0.132,12.342397092646666
s2_p5_NAA-GDP_l10_r1,NAA-GDP,5,0.06,2,1,OP,0.181,0.7698856556481257
s2_p5_NAA-GDP_l10_r2,NAA-GDP,5,0.06,2,2,AM,0.101,1.2089199407012337
s2_p5_NAA-GDP_l10_r2,NAA-GDP,5,0.06,2,2,MP,0.094,5.527844642410029
s2_p5_NAA-GDP_l10_r2,NAA-GDP,5,0.06,2,2,OP,0.177,0.8046708685347767
s2_p5_NAA-GDP_l10_r3,NAA-GDP,5,0.06,2,3,AM,0.119,1.269403383865813
s2_p5_NAA-GDP_l10_r3,NAA-GDP,5,0.06,2,3,MP,0.084,14.372762594806222
s2_p5_NAA-GDP_l10_r3,NAA-GDP,5,0.06,2,3,OP,0.142,0.8662964756920976
s2_p5_NAA-GDP_l1_r0,NAA-GDP,5,0.006,2,0,AM,0.498,0.12236516160778384
s2_p5_NAA-GDP_l1_r0,NAA-GDP,5,0.006,2,0,MP,0.475,0.12579819773840412
s2_p5_NAA-GDP_l1_r0,NAA-GDP,5,0.006,2,0,OP,0.537,0.08760058677006868
s2_p5_NAA-GDP_l1_r1,NAA-GDP,5,0.006,2,1,AM,0.55,0.11779584498601138
s2_p5_NAA-GDP_l1_r1,NAA-GDP,5,0.006,2,1,MP,0.517,0.12185678422662935
s2_p5_NAA-GDP_l1_r1,NAA-GDP,5,0.006,2,1,OP,0.578,0.08224943137923453
s2_p5_NAA-GDP_l1_r2,NAA-GDP,5,0.006,2,2,AM,0.541,0.11706258554665873
s2_p5_NAA-GDP_l1_r2,NAA-GDP,5,0.006,2,2,MP,0.531,0.12127274410171089
s2_p5_NAA-GDP_l1_r2,NAA-GDP,5,0.006,2,2,OP,0.568,0.08377167903480427
s2_p5_NAA-GDP_l1_r3,NAA-GDP,5,0.006,2,3,AM,0.534,0.12660161082005014
s2_p5_NAA-GDP_l1_r3,NAA-GDP,5,0.006,2,3,MP,0.522,0.1269355338786494
s2_p5_NAA-GDP_l1_r3,NAA-GDP,5,0.006,2,3,OP,0.596,0.08807652189304939
s2_p5_NAA-GDP_l2_r0,NAA-GDP,5,0.012,2,0,AM,0.408,0.24715375274057425
s2_p5_NAA-GDP_l2_r0,NAA-GDP,5,0.012,2,0,MP,0.294,0.25811810609615754
s2_p5_NAA-GDP_l2_r0,NAA-GDP,5,0.012,2,0,OP,0.454,0.17612800686024987
s2_p5_NAA-GDP_l2_r1,NAA-GDP,5,0.012,2,1,AM,0.334,0.2359748263887329
s2_p5_NAA-GDP_l2_r1,NAA-GDP,5,0.012,2,1,MP,0.464,0.24856128513882392
s2_p5_NAA-GDP_l2_r1,NAA-GDP,5,0.012,2,1,OP,0.487,0.16797101679656135
s2_p5_NAA-GDP_l2_r2,NAA-GDP,5,0.012,2,2,AM,0.335,0.2316937984168034
s2_p5_NAA-GDP_l2_r2,NAA-GDP,5,0.012,2,2,MP,0.364,0.25021413207886534
s2_p5_NAA-GDP_l2_r2,NAA-GDP,5,0.012,2,2,OP,0.44,0.16772522667752993
s2_p5_NAA-GDP_l2_r3,NAA-GDP,5,0.012,2,3,AM,0.336,0.2531116209204003
s2_p5_NAA-GDP_l2_r3,NAA-GDP,5,0.012,2,3,MP,0.381,0.2548323231314293
s2_p5_NAA-GDP_l2_r3,NAA-GDP,5,0.012,2,3,OP,0.429,0.17243867116814088
s2_p5_NAA-GDP_l3_r0,NAA-GDP,5,0.018,2,0,AM,0.271,0.3710163600514938
s2_p5_NAA-GDP_l3_r0,NAA-GDP,5,0.018,2,0,MP,0.234,0.4062959152637686
s2_p5_NAA-GDP_l3_r0,NAA-GDP,5,0.018,2,0,OP,0.267,0.26303813911792934
s2_p5_NAA-GDP_l3_r1,NAA-GDP,5,0.018,2,1,AM,0.233,0.37901543918464825
s2_p5_NAA-GDP_l3_r1,NAA-GDP,5,0.018,2,1,MP,0.253,0.3908752784749053
s2_p5_NAA-GDP_l3_r1,NAA-GDP,5,0.018,2,1,OP,0.332,0.2540340040177366
s2_p5_NAA-GDP_l3_r2,NAA-GDP,5,0.018,2,2,AM,0.198,0.38150292607235253
s2_p5_NAA-GDP_l3_r2,NAA-GDP,5,0.018,2,2,MP,0.226,0.39235912531961303
s2_p5_NAA-GDP_l3_r2,NAA-GDP,5,0.018,2,2,OP,0.251,0.246175214398743
s2_p5_NAA-GDP_l3_r3,NAA-GDP,5,0.018,2,3,AM,0.265,0.3704080127952803
s2_p5_NAA-GDP_l3_r3,NAA-GDP,5,0.018,2,3,MP,0.318,0.3822421829796855
s2_p5_NAA-GDP_l3_r3,NAA-GDP,5,0.018,2,3,OP,0.329,0.2619553222020156
s2_p5_NAA-GDP_l4_r0,NAA-GDP,5,0.024,2,0,AM,0.206,0.4972907954744434
s2_p5_NAA-GDP_l4_r0,NAA-GDP,5,0.024,2,0,MP,0.207,0.517237196541165
s2_p5_NAA-GDP_l4_r0,NAA-GDP,5,0.024,2,0,OP,0.292,0.3352659031612421
s2_p5_NAA-GDP_l4_r1,NAA-GDP,5,0.024,2,1,AM,0.208,0.5078756295712298
s2_p5_NAA-GDP_l4_r1,NAA-GDP,5,0.024,2,1,MP,0.155,0.5736172894946171
s2_p5_NAA-GDP_l4_r1,NAA-GDP,5,0.024,2,1,OP,0.239,0.35759783115378696
s2_p5_NAA-GDP_l4_r2,NAA-GDP,5,0.024,2,2,AM,0.223,0.5106125451907608
s2_p5_NAA-GDP_l4_r2,NAA-GDP,5,0.024,2,2,MP,0.185,0.5102499682585192
s2_p5_NAA-GDP_l4_r2,NAA-GDP,5,0.024,2,2,OP,0.308,0.33586841929758127
s2_p5_NAA-GDP_l4_r3,NAA-GDP,5,0.024,2,3,AM,0.152,0.5117298445974773
s2_p5_NAA-GDP_l4_r3,NAA-GDP,5,0.024,2,3,MP,0.182,0.5506909775326929
s2_p5_NAA-GDP_l4_r3,NAA-GDP,5,0.024,2,3,OP,0.278,0.3622493265215232
s2_p5_NAA-GDP_l5_r0,NAA-GDP,5,0.03,2,0,AM,0.139,0.6844696807870518
s2_p5_NAA-GDP_l5_r0,NAA-GDP,5,0.03,2,0,MP,0.136,0.6928709435760564
s2_p5_NAA-GDP_l5_r0,NAA-GDP,5,0.03,2,0,OP,0.216,0.44814343946226615
s2_p5_NAA-GDP_l5_r1,NAA-GDP,5,0.03,2,1,AM,0.153,0.668258662243024
s2_p5_NAA-GDP_l5_r1,NAA-GDP,5,0.03,2,1,MP,0.135,0.7629005742822366
s2_p5_NAA-GDP_l5_r1,NAA-GDP,5,0.03,2,1,OP,0.188,0.43264328747513275
s2_p5_NAA-GDP_l5_r2,NAA-GDP,5,0.03,2,2,AM,0.216,0.6397675058064259
s2_p5_NAA-GDP_l5_r2,NAA-GDP,5,0.03,2,2,MP,0.175,0.7588914788711548
s2_p5_NAA-GDP_l5_r2,NAA-GDP,5,0.03,2,2,OP,0.166,0.43622528315845743
s2_p5_NAA-GDP_l5_r3,NAA-GDP,5,0.03,2,3,AM,0.169,0.6546276323276206
s2_p5_NAA-GDP_l5_r3,NAA-GDP,5,0.03,2,3,MP,0.154,0.7536532242432324
s2_p5_NAA-GDP_l5_r3,NAA-GDP,5,0.03,2,3,OP,0.237,0.41120132038500684
s2_p5_NAA-GDP_l6_r0,NAA-GDP,5,0.036,2,0,AM,0.138,0.8100491016144643
s2_p5_NAA-GDP_l6_r0,NAA-GDP,5,0.036,2,0,MP,0.161,1.0326286533849796
s2_p5_NAA-GDP_l6_r0,NAA-GDP,5,0.036,2,0,OP,0.217,0.48924682169071854
s2_p5_NAA-GDP_l6_r1,NAA-GDP,5,0.036,2,1,AM,0.122,0.8093715949253503
s2_p5_NAA-GDP_l6_r1,NAA-GDP,5,0.036,2,1,MP,0.148,0.8820864636737051
s2_p5_NAA-GDP_l6_r1,NAA-GDP,5,0.036,2,1,OP,0.18,0.4843410823549006
s2_p5_NAA-GDP_l6_r2,NAA-GDP,5,0.036,2,2,AM,0.111,0.830455178646981
s2_p5_NAA-GDP_l6_r2,NAA-GDP,5,0.036,2,2,MP,0.17,1.081691725089038
s2_p5_NAA-GDP_l6_r2,NAA-GDP,5,0.036,2,2,OP,0.155,0.4975490193032949
s2_p5_NAA-GDP_l6_r3,NAA-GDP,5,0.036,2,3,AM,0.124,0.8465012170877911
s2_p5_NAA-GDP_l6_r3,NAA-GDP,5,0.036,2,3,MP,0.152,0.9504786673630857
s2_p5_NAA-GDP_l6_r3,NAA-GDP,5,0.036,2,3,OP,0.196,0.5161546056706503
s2_p5_NAA-GDP_l7_r0,NAA-GDP,5,0.042,2,0,AM,0.098,1.0070643926365879
s2_p5_NAA-GDP_l7_r0,NAA-GDP,5,0.042,2,0,MP,0.162,1.609811376873261
s2_p5_NAA-GDP_l7_r0,NAA-GDP,5,0.042,2,0,OP,0.121,0.6259069571240468
s2_p5_NAA-GDP_l7_r1,NAA-GDP,5,0.042,2,1,AM,0.109,0.9994979299817369
s2_p5_NAA-GDP_l7_r1,NAA-GDP,5,0.042,2,1,MP,0.137,1.4861217435866354
s2_p5_NAA-GDP_l7_r1,NAA-GDP,5,0.042,2,1,OP,0.19,0.5404096240060402
s2_p5_NAA-GDP_l7_r2,NAA-GDP,5,0.042,2,2,AM,0.116,0.9558699236848113
s2_p5_NAA-GDP_l7_r2,NAA-GDP,5,0.042,2,2,MP,0.105,1.5728828702254247
s2_p5_NAA-GDP_l7_r2,NAA-GDP,5,0.042,2,2,OP,0.2,0.573585127713747
s2_p5_NAA-GDP_l7_r3,NAA-GDP,5,0.042,2,3,AM,0.12,1.0178623517011849
s2_p5_NAA-GDP_l7_r3,NAA-GDP,5,0.042,2,3,MP,0.124,1.3178412118452232
s2_p5_NAA-GDP_l7_r3,NAA-GDP,5,0.042,2,3,OP,0.172,0.5627289873538879
s2_p5_NAA-GDP_l8_r0,NAA-GDP,5,0.048,2,0,AM,0.075,1.1149529565172893
s2_p5_NAA-GDP_l8_r0,NAA-GDP,5,0.048,2,0,MP,0.109,9.502603239514405
s2_p5_NAA-GDP_l8_r0,NAA-GDP,5,0.048,2,0,OP,0.133,0.6995279490594332
s2_p5_NAA-GDP_l8_r1,NAA-GDP,5,0.048,2,1,AM,0.111,1.0900629591308626
s2_p5_NAA-GDP_l8_r1,NAA-GDP,5,0.048,2,1,MP,0.107,10.735453723516217
s2_p5_NAA-GDP_l8_r1,NAA-GDP,5,0.048,2,1,OP,0.155,0.6790111124582969
s2_p5_NAA-GDP_l8_r2,NAA-GDP,5,0.048,2,2,AM,0.13,1.1085207234214707
s2_p5_NAA-GDP_l8_r2,NAA-GDP,5,0.048,2,2,MP,0.101,33.035946859932785
s2_p5_NAA-GDP_l8_r2,NAA-GDP,5,0.048,2,2,OP,0.134,0.6757029579168269
s2_p5_NAA-GDP_l8_r3,NAA-GDP,5,0.048,2,3,AM,0.095,1.096150173623473
s2_p5_NAA-GDP_l8_r3,NAA-GDP,5,0.048,2,3,MP,0.084,5.493078621476203
s2_p5_NAA-GDP_l8_r3,NAA-GDP,5,0.048,2,3,OP,0.151,0.6595254908986226
s2_p5_NAA-GDP_l9_r0,NAA-GDP,5,0.054,2,0,AM,0.097,1.165434596986306
s2_p5_NAA-GDP_l9_r0,NAA-GDP,5,0.054,2,0,MP,0.118,33.70334930684279
s2_p5_NAA-GDP_l9_r0,NAA-GDP,5,0.054,2,0,OP,0.118,0.7514353319418267
s2_p5_NAA-GDP_l9_r1,NAA-GDP,5,0.054,2,1,AM,0.095,1.173716974727965
s2_p5_NAA-GDP_l9_r1,NAA-GDP,5,0.054,2,1,MP,0.076,17.29889629683945
s2_p5_NAA-GDP_l9_r1,NAA-GDP,5,0.054,2,1,OP,0.166,0.8043815932473694
s2_p5_NAA-GDP_l9_r2,NAA-GDP,5,0.054,2,2,AM,0.104,1.1788106216939422
s2_p5_NAA-GDP_l9_r2,NAA-GDP,5,0.054,2,2,MP,0.106,97.6781514716481
s2_p5_NAA-GDP_l9_r2,NAA-GDP,5,0.054,2,2,OP,0.122,0.7906190834553052
s2_p5_NAA-GDP_l9_r3,NAA-GDP,5,0.054,2,3,AM,0.089,1.1430825858647942
s2_p5_NAA-GDP_l9_r3,NAA-GDP,5,0.054,2,3,MP,0.106,7.352831922250404
s2_p5_NAA-GDP_l9_r3,NAA-GDP,5,0.054,2,3,OP,0.101,0.772254691412869
s3_p5_AA-GDP_l0_r0,AA-GDP,5,0.0,3,0,AM,0.643,4.868409447511627e-13
s3_p5_AA-GDP_l0_r0,AA-GDP,5,0.0,3,0,MP,0.643,1.11608921848778e-14
s3_p5_AA-GDP_l0_r0,AA-GDP,5,0.0,3,0,OP,0.643,2.722118560813571e-13
s3_p5_C-GDP-private-noise_l10_r0,C-GDP-private-noise,5,3.0,3,0,known-common-transform,0.136,1.1949916191609102
s3_p5_C-GDP-private-noise_l10_r1,C-GDP-private-noise,5,3.0,3,1,known-common-transform,0.121,1.197059538795404
s3_p5_C-GDP-private-noise_l10_r2,C-GDP-private-noise,5,3.0,3,2,known-common-transform,0.079,1.1919485829195007
s3_p5_C-GDP-private-noise_l10_r3,C-GDP-private-noise,5,3.0,3,3,known-common-transform,0.116,1.1929043980081289
s3_p5_C-GDP-private-noise_l1_r0,C-GDP-private-noise,5,0.3,3,0,known-common-transform,0.512,0.11945206462521826
s3_p5_C-GDP-private-noise_l1_r1,C-GDP-private-noise,5,0.3,3,1,known-common-transform,0.503,0.11893097584967939
s3_p5_C-GDP-private-noise_l1_r2,C-GDP-private-noise,5,0.3,3,2,known-common-transform,0.522,0.11927633643923524
s3_p5_C-GDP-private-noise_l1_r3,C-GDP-private-noise,5,0.3,3,3,known-common-transform,0.533,0.11940350192298878
s3_p5_C-GDP-private-noise_l2_r0,C-GDP-private-noise,5,0.6,3,0,known-common-transform,0.309,0.2383071409755602
s3_p5_C-GDP-private-noise_l2_r1,C-GDP-private-noise,5,0.6,3,1,known-common-transform,0.303,0.23990543654881577
s3_p5_C-GDP-private-noise_l2_r2,C-GDP-private-noise,5,0.6,3,2,known-common-transform,0.3,0.23906223281859298
s3_p5_C-GDP-private-noise_l2_r3,C-GDP-private-noise,5,0.6,3,3,known-common-transform,0.261,0.24068560731739255
s3_p5_C-GDP-private-noise_l3_r0,C-GDP-private-noise,5,0.9,3,0,known-common-transform,0.281,0.35938435253855955
s3_p5_C-GDP-private-noise_l3_r1,C-GDP-private-noise,5,0.9,3,1,known-common-transform,0.256,0.35618652133117196
s3_p5_C-GDP-private-noise_l3_r2,C-GDP-private-noise,5,0.9,3,2,known-common-transform,0.247,0.359536492020658
s3_p5_C-GDP-private-noise_l3_r3,C-GDP-private-noise,5,0.9,3,3,known-common-transform,0.218,0.357189643544854
s3_p5_C-GDP-private-noise_l4_r0,C-GDP-private-noise,5,1.2,3,0,known-common-transform,0.163,0.4777078439731244
s3_p5_C-GDP-private-noise_l4_r1,C-GDP-private-noise,5,1.2,3,1,known-common-transform,0.139,0.4797438692579776
s3_p5_C-GDP-private-noise_l4_r2,C-GDP-private-noise,5,1.2,3,2,known-common-transform,0.186,0.4784377759014278
s3_p5_C-GDP-private-noise_l4_r3,C-GDP-private-noise,5,1.2,3,3,known-common-transform,0.172,0.47781029243262235
s3_p5_C-GDP-private-noise_l5_r0,C-GDP-private-noise,5,1.5,3,0,known-common-transform,0.109,0.5940237881597541
s3_p5_C-GDP-private-noise_l5_r1,C-GDP-private-noise,5,1.5,3,1,known-common-transform,0.216,0.5973302049157357
s3_p5_C-GDP-private-noise_l5_r2,C-GDP-private-noise,5,1.5,3,2,known-common-transform,0.15,0.6029921749387329
s3_p5_C-GDP-private-noise_l5_r3,C-GDP-private-noise,5,1.5,3,3,known-common-transform,0.138,0.5941198285915932
s3_p5_C-GDP-private-noise_l6_r0,C-GDP-private-noise,5,1.8,3,0,known-common-transform,0.131,0.7178848909350937
s3_p5_C-GDP-private-noise_l6_r1,C-GDP-private-noise,5,1.8,3,1,known-common-transform,0.146,0.716315525016289
s3_p5_C-GDP-private-noise_l6_r2,C-GDP-private-noise,5,1.8,3,2,known-common-transform,0.142,0.7195381933588462
s3_p5_C-GDP-private-noise_l6_r3,C-GDP-private-noise,5,1.8,3,3,known-common-transform,0.173,0.7156027541643553
s3_p5_C-GDP-private-noise_l7_r0,C-GDP-private-noise,5,2.1,3,0,known-common-transform,0.162,0.8357443716137364
s3_p5_C-GDP-private-noise_l7_r1,C-GDP-private-noise,5,2.1,3,1,known-common-transform,0.154,0.8389206307385098
s3_p5_C-GDP-private-noise_l7_r2,C-GDP-private-noise,5,2.1,3,2,known-common-transform,0.169,0.8343939608053498
s3_p5_C-GDP-private-noise_l7_r3,C-GDP-private-noise,5,2.1,3,3,known-common-transform,0.137,0.832544196256275
s3_p5_C-GDP-private-noise_l8_r0,C-GDP-private-noise,5,2.4,3,0,known-common-transform,0.134,0.9561955721386672
s3_p5_C-GDP-private-noise_l8_r1,C-GDP-private-noise,5,2.4,3,1,known-common-transform,0.122,0.9492071955828487
s3_p5_C-GDP-private-noise_l8_r2,C-GDP-private-noise,5,2.4,3,2,known-common-transform,0.16,0.9577893544831276
s3_p5_C-GDP-private-noise_l8_r3,C-GDP-private-noise,5,2.4,3,3,known-common-transform,0.113,0.9572911632685593
s3_p5_C-GDP-private-noise_l9_r0,C-GDP-private-noise,5,2.7,3,0,known-common-transform,0.116,1.0723136154408646
s3_p5_C-GDP-private-noise_l9_r1,C-GDP-private-noise,5,2.7,3,1,known-common-transform,0.125,1.0798097027060292
s3_p5_C-GDP-private-noise_l9_r2,C-GDP-private-noise,5,2.7,3,2,known-common-transform,0.16,1.0779886380540602
s3_p5_C-GDP-private-noise_l9_r3,C-GDP-private-noise,5,2.7,3,3,known-common-transform,0.14,1.0745502061615928
s3_p5_C-GDP_l0_r0,C-GDP,5,0.0,3,0,AM,0.643,4.868409447511627e-13
s3_p5_C-GDP_l0_r0,C-GDP,5,0.0,3,0,MP,0.643,1.11608921848778e-14
s3_p5_C-GDP_l0_r0,C-GDP,5,0.0,3,0,OP,0.643,2.722118560813571e-13
s3_p5_NAA-GDP_l10_r0,NAA-GDP,5,0.06,3,0,AM,0.102,1.2242409423354401
s3_p5_NAA-GDP_l10_r0,NAA-GDP,5,0.06,3,0,MP,0.113,12.543742199498604
s3_p5_NAA-GDP_l10_r0,NAA-GDP,5,0.06,3,0,OP,0.12,0.804248094362623
s3_p5_NAA-GDP_l10_r1,NAA-GDP,5,0.06,3,1,AM,0.107,1.2108775799226437
s3_p5_NAA-GDP_l10_r1,NAA-GDP,5,0.06,3,1,MP,0.084,14.27013501275766
s3_p5_NAA-GDP_l10_r1,NAA-GDP,5,0.06,3,1,OP,0.132,0.850098370481306
s3_p5_NAA-GDP_l10_r2,NAA-GDP,5,0.06,3,2,AM,0.092,1.220063974162796
s3_p5_NAA-GDP_l10_r2,NAA-GDP,5,0.06,3,2,MP,0.112,18.09072274445485
s3_p5_NAA-GDP_l10_r2,NAA-GDP,5,0.06,3,2,OP,0.118,0.8443066972621961
s3_p5_NAA-GDP_l10_r3,NAA-GDP,5,0.06,3,3,AM,0.088,1.2479398821484862
s3_p5_NAA-GDP_l10_r3,NAA-GDP,5,0.06,3,3,MP,0.112,11.78787095869086
s3_p5_NAA-GDP_l10_r3,NAA-GDP,5,0.06,3,3,OP,0.102,0.8601260176222487
s3_p5_NAA-GDP_l1_r0,NAA-GDP,5,0.006,3,0,AM,0.515,0.1140987923100509
s3_p5_NAA-GDP_l1_r0,NAA-GDP,5,0.006,3,0,MP,0.538,0.11234171433992592
s3_p5_NAA-GDP_l1_r0,NAA-GDP,5,0.006,3,0,OP,0.601,0.08026053470206752
s3_p5_NAA-GDP_l1_r1,NAA-GDP,5,0.006,3,1,AM,0.491,0.12680089514298762
s3_p5_NAA-GDP_l1_r1,NAA-GDP,5,0.006,3,1,MP,0.515,0.12738321413109638
s3_p5_NAA-GDP_l1_r1,NAA-GDP,5,0.006,3,1,OP,0.557,0.0894265954710263
s3_p5_NAA-GDP_l1_r2,NAA-GDP,5,0.006,3,2,AM,0.542,0.11702254943830961
s3_p5_NAA-GDP_l1_r2,NAA-GDP,5,0.006,3,2,MP,0.529,0.11849605400969905
s3_p5_NAA-GDP_l1_r2,NAA-GDP,5,0.006,3,2,OP,0.55,0.086330030050496
s3_p5_NAA-GDP_l1_r3,NAA-GDP,5,0.006,3,3,AM,0.528,0.12351504159332208
s3_p5_NAA-GDP_l1_r3,NAA-GDP,5,0.006,3,3,MP,0.489,0.12560800460188645
s3_p5_NAA-GDP_l1_r3,NAA-GDP,5,0.006,3,3,OP,0.525,0.09017965389414219
s3_p5_NAA-GDP_l2_r0,NAA-GDP,5,0.012,3,0,AM,0.29,0.23438781484997545
s3_p5_NAA-GDP_l2_r0,NAA-GDP,5,0.012,3,0,MP,0.33,0.2287961032500094
s3_p5_NAA-GDP_l2_r0,NAA-GDP,5,0.012,3,0,OP,0.35,0.16793087515427738
s3_p5_NAA-GDP_l2_r1,NAA-GDP,5,0.012,3,1,AM,0.327,0.25015200309365887
s3_p5_NAA-GDP_l2_r1,NAA-GDP,5,0.012,3,1,MP,0.308,0.25897731869549734
s3_p5_NAA-GDP_l2_r1,NAA-GDP,5,0.012,3,1,OP,0.441,0.17309570193911014
s3_p5_NAA-GDP_l2_r2,NAA-GDP,5,0.012,3,2,AM,0.353,0.23547292722938806
s3_p5_NAA-GDP_l2_r2,NAA-GDP,5,0.012,3,2,MP,0.365,0.24856798245764522
s3_p5_NAA-GDP_l2_r2,NAA-GDP,5,0.012,3,2,OP,0.5,0.1689405413428201
s3_p5_NAA-GDP_l2_r3,NAA-GDP,5,0.012,3,3,AM,0.335,0.24096947864442217
s3_p5_NAA-GDP_l2_r3,NAA-GDP,5,0.012,3,3,MP,0.334,0.23860985435500562
s3_p5_NAA-GDP_l2_r3,NAA-GDP,5,0.012,3,3,OP,0.424,0.17367684599064778
s3_p5_NAA-GDP_l3_r0,NAA-GDP,5,0.018,3,0,AM,0.237,0.3719961616333785
s3_p5_NAA-GDP_l3_r0,NAA-GDP,5,0.018,3,0,MP,0.282,0.37331824718235196
s3_p5_NAA-GDP_l3_r0,NAA-GDP,5,0.018,3,0,OP,0.319,0.25173002785350346
s3_p5_NAA-GDP_l3_r1,NAA-GDP,5,0.018,3,1,AM,0.235,0.37518093982951056
s3_p5_NAA-GDP_l3_r1,NAA-GDP,5,0.018,3,1,MP,0.265,0.39073521228026875
s3_p5_NAA-GDP_l3_r1,NAA-GDP,5,0.018,3,1,OP,0.301,0.25764640542717004
s3_p5_NAA-GDP_l3_r2,NAA-GDP,5,0.018,3,2,AM,0.164,0.3582593017953028
s3_p5_NAA-GDP_l3_r2,NAA-GDP,5,0.018,3,2,MP,0.249,0.3647270286991115
s3_p5_NAA-GDP_l3_r2,NAA-GDP,5,0.018,3,2,OP,0.273,0.2483262058547526
s3_p5_NAA-GDP_l3_r3,NAA-GDP,5,0.018,3,3,AM,0.173,0.36697373746699313
s3_p5_NAA-GDP_l3_r3,NAA-GDP,5,0.018,3,3,MP,0.2,0.37657528632320897
s3_p5_NAA-GDP_l3_r3,NAA-GDP,5,0.018,3,3,OP,0.289,0.24808165328637696
s3_p5_NAA-GDP_l4_r0,NAA-GDP,5,0.024,3,0,AM,0.174,0.527558292852945
s3_p5_NAA-GDP_l4_r0,NAA-GDP,5,0.024,3,0,MP,0.17,0.5492015553818911
s3_p5_NAA-GDP_l4_r0,NAA-GDP,5,0.024,3,0,OP,0.245,0.3335233776430168
s3_p5_NAA-GDP_l4_r1,NAA-GDP,5,0.024,3,1,AM,0.171,0.522119359978423
s3_p5_NAA-GDP_l4_r1,NAA-GDP,5,0.024,3,1,MP,0.199,0.5395998165049899
s3_p5_NAA-GDP_l4_r1,NAA-GDP,5,0.024,3,1,OP,0.25,0.3333414730939329
s3_p5_NAA-GDP_l4_r2,NAA-GDP,5,0.024,3,2,AM,0.172,0.5212583835070438
s3_p5_NAA-GDP_l4_r2,NAA-GDP,5,0.024,3,2,MP,0.207,0.5295531987608255
s3_p5_NAA-GDP_l4_r2,NAA-GDP,5,0.024,3,2,OP,0.285,0.32268849621105533
s3_p5_NAA-GDP_l4_r3,NAA-GDP,5,0.024,3,3,AM,0.199,0.533176934532174
s3_p5_NAA-GDP_l4_r3,NAA-GDP,5,0.024,3,3,MP,0.181,0.530279061720105
s3_p5_NAA-GDP_l4_r3,NAA-GDP,5,0.024,3,3,OP,0.266,0.35062291345933155
s3_p5_NAA-GDP_l5_r0,NAA-GDP,5,0.03,3,0,AM,0.129,0.6349819229245758
s3_p5_NAA-GDP_l5_r0,NAA-GDP,5,0.03,3,0,MP,0.11,0.7481480984465846
s3_p5_NAA-GDP_l5_r0,NAA-GDP,5,0.03,3,0,OP,0.165,0.4455317185040809
s3_p5_NAA-GDP_l5_r1,NAA-GDP,5,0.03,3,1,AM,0.113,0.6556180700224444
s3_p5_NAA-GDP_l5_r1,NAA-GDP,5,0.03,3,1,MP,0.096,0.7934254510354634
s3_p5_NAA-GDP_l5_r1,NAA-GDP,5,0.03,3,1,OP,0.16,0.4396661380382445
s3_p5_NAA-GDP_l5_r2,NAA-GDP,5,0.03,3,2,AM,0.155,0.68589061882504
s3_p5_NAA-GDP_l5_r2,NAA-GDP,5,0.03,3,2,MP,0.116,0.7978182721081504
s3_p5_NAA-GDP_l5_r2,NAA-GDP,5,0.03,3,2,OP,0.179,0.44495299865019017
s3_p5_NAA-GDP_l5_r3,NAA-GDP,5,0.03,3,3,AM,0.132,0.6424823075488207
s3_p5_NAA-GDP_l5_r3,NAA-GDP,5,0.03,3,3,MP,0.15,0.7227122844780766
s3_p5_NAA-GDP_l5_r3,NAA-GDP,5,0.03,3,3,OP,0.15,0.4187685527033035
s3_p5_NAA-GDP_l6_r0,NAA-GDP,5,0.036,3,0,AM,0.123,0.8477150597905908
s3_p5_NAA-GDP_l6_r0,NAA-GDP,5,0.036,3,0,MP,0.118,1.067312962561773
s3_p5_NAA-GDP_l6_r0,NAA-GDP,5,0.036,3,0,OP,0.146,0.49191916372703454
s3_p5_NAA-GDP_l6_r1,NAA-GDP,5,0.036,3,1,AM,0.121,0.8130954277033863
s3_p5_NAA-GDP_l6_r1,NAA-GDP,5,0.036,3,1,MP,0.135,1.100713674560832
s3_p5_NAA-GDP_l6_r1,NAA-GDP,5,0.036,3,1,OP,0.208,0.5043713890532483
s3_p5_NAA-GDP_l6_r2,NAA-GDP,5,0.036,3,2,AM,0.068,0.8899611231535177
s3_p5_NAA-GDP_l6_r2,NAA-GDP,5,0.036,3,2,MP,0.108,1.0631922196478967
s3_p5_NAA-GDP_l6_r2,NAA-GDP,5,0.036,3,2,OP,0.17,0.5272642868912568
s3_p5_NAA-GDP_l6_r3,NAA-GDP,5,0.036,3,3,AM,0.079,0.8422721285736775
s3_p5_NAA-GDP_l6_r3,NAA-GDP,5,0.036,3,3,MP,0.124,1.0209324224896048
s3_p5_NAA-GDP_l6_r3,NAA-GDP,5,0.036,3,3,OP,0.158,0.5231238360710345
s3_p5_NAA-GDP_l7_r0,NAA-GDP,5,0.042,3,0,AM,0.125,0.9952161158551088
s3_p5_NAA-GDP_l7_r0,NAA-GDP,5,0.042,3,0,MP,0.125,1.368093442924041
s3_p5_NAA-GDP_l7_r0,NAA-GDP,5,0.042,3,0,OP,0.149,0.5936609284565323
s3_p5_NAA-GDP_l7_r1,NAA-GDP,5,0.042,3,1,AM,0.126,0.9455212439233189
s3_p5_NAA-GDP_l7_r1,NAA-GDP,5,0.042,3,1,MP,0.118,1.5181284551262635
s3_p5_NAA-GDP_l7_r1,NAA-GDP,5,0.042,3,1,OP,0.168,0.6071694805048836
s3_p5_NAA-GDP_l7_r2,NAA-GDP,5,0.042,3,2,AM,0.12,0.9433333907131157
s3_p5_NAA-GDP_l7_r2,NAA-GDP,5,0.042,3,2,MP,0.101,1.738512518854271
s3_p5_NAA-GDP_l7_r2,NAA-GDP,5,0.042,3,2,OP,0.206,0.5789084962317513
s3_p5_NAA-GDP_l7_r3,NAA-GDP,5,0.042,3,3,AM,0.122,1.0103559438941552
s3_p5_NAA-GDP_l7_r3,NAA-GDP,5,0.042,3,3,MP,0.139,1.6443308353266604
s3_p5_NAA-GDP_l7_r3,NAA-GDP,5,0.042,3,3,OP,0.136,0.5850249263290158
s3_p5_NAA-GDP_l8_r0,NAA-GDP,5,0.048,3,0,AM,0.08,1.0596144836920571
s3_p5_NAA-GDP_l8_r0,NAA-GDP,5,0.048,3,0,MP,0.097,2.2499661183244846
s3_p5_NAA-GDP_l8_r0,NAA-GDP,5,0.048,3,0,OP,0.167,0.671422023127963
s3_p5_NAA-GDP_l8_r1,NAA-GDP,5,0.048,3,1,AM,0.099,1.1126766047202359
s3_p5_NAA-GDP_l8_r1,NAA-GDP,5,0.048,3,1,MP,0.114,4.63418130970126
s3_p5_NAA-GDP_l8_r1,NAA-GDP,5,0.048,3,1,OP,0.121,0.6987611593973282
s3_p5_NAA-GDP_l8_r2,NAA-GDP,5,0.048,3,2,AM,0.111,1.1167045343174558
s3_p5_NAA-GDP_l8_r2,NAA-GDP,5,0.048,3,2,MP,0.095,2.9250562789082135
s3_p5_NAA-GDP_l8_r2,NAA-GDP,5,0.048,3,2,OP,0.123,0.6883925360634081
s3_p5_NAA-GDP_l8_r3,NAA-GDP,5,0.048,3,3,AM,0.097,1.0974051370420908
s3_p5_NAA-GDP_l8_r3,NAA-GDP,5,0.048,3,3,MP,0.116,2.9940896190558677
s3_p5_NAA-GDP_l8_r3,NAA-GDP,5,0.048,3,3,OP,0.15,0.7137596449101804
s3_p5_NAA-GDP_l9_r0,NAA-GDP,5,0.054,3,0,AM,0.119,1.1951278973458492
s3_p5_NAA-GDP_l9_r0,NAA-GDP,5,0.054,3,0,MP,0.114,19.55061463393846
s3_p5_NAA-GDP_l9_r0,NAA-GDP,5,0.054,3,0,OP,0.125,0.7321667638760578
s3_p5_NAA-GDP_l9_r1,NAA-GDP,5,0.054,3,1,AM,0.099,1.13927148745762
s3_p5_NAA-GDP_l9_r1,NAA-GDP,5,0.054,3,1,MP,0.092,5.8632080646575995
s3_p5_NAA-GDP_l9_r1,NAA-GDP,5,0.054,3,1,OP,0.12,0.7349485502710135
s3_p5_NAA-GDP_l9_r2,NAA-GDP,5,0.054,3,2,AM,0.111,1.2042124893032646
s3_p5_NAA-GDP_l9_r2,NAA-GDP,5,0.054,3,2,MP,0.108,14.504053996816625
s3_p5_NAA-GDP_l9_r2,NAA-GDP,5,0.054,3,2,OP,0.082,0.7472138320823783
s3_p5_NAA-GDP_l9_r3,NAA-GDP,5,0.054,3,3,AM,0.126,1.1557713975489639
s3_p5_NAA-GDP_l9_r3,NAA-GDP,5,0.054,3,3,MP,0.099,18.489962002366855
s3_p5_NAA-GDP_l9_r3,NAA-GDP,5,0.054,3,3,OP,0.117,0.743601980753868
s4_p5_AA-GDP_l0_r0,AA-GDP,5,0.0,4,0,AM,0.67,4.887181367240447e-13
s4_p5_AA-GDP_l0_r0,AA-GDP,5,0.0,4,0,MP,0.67,1.178879152211635e-14
s4_p5_AA-GDP_l0_r0,AA-GDP,5,0.0,4,0,OP,0.67,2.6051154404697773e-13
s4_p5_C-GDP-private-noise_l10_r0,C-GDP-private-noise,5,3.0,4,0,known-common-transform,0.134,1.1467634294668003
s4_p5_C-GDP-private-noise_l10_r1,C-GDP-private-noise,5,3.0,4,1,known-common-transform,0.107,1.1537657168783328
s4_p5_C-GDP-private-noise_l10_r2,C-GDP-private-noise,5,3.0,4,2,known-common-transform,0.157,1.154054078517414
s4_p5_C-GDP-private-noise_l10_r3,C-GDP-private-noise,5,3.0,4,3,known-common-transform,0.126,1.1577398463525048
s4_p5_C-GDP-private-noise_l1_r0,C-GDP-private-noise,5,0.3,4,0,known-common-transform,0.565,0.1158489923635772
s4_p5_C-GDP-private-noise_l1_r1,C-GDP-private-noise,5,0.3,4,1,known-common-transform,0.568,0.11557655132058839
s4_p5_C-GDP-private-noise_l1_r2,C-GDP-private-noise,5,0.3,4,2,known-common-transform,0.512,0.11569616372246355
s4_p5_C-GDP-private-noise_l1_r3,C-GDP-private-noise,5,0.3,4,3,known-common-transform,0.549,0.11497958009286573
s4_p5_C-GDP-private-noise_l2_r0,C-GDP-private-noise,5,0.6,4,0,known-common-transform,0.442,0.2296554125329609
s4_p5_C-GDP-private-noise_l2_r1,C-GDP-private-noise,5,0.6,4,1,known-common-transform,0.384,0.2311309412646263
s4_p5_C-GDP-private-noise_l2_r2,C-GDP-private-noise,5,0.6,4,2,known-common-transform,0.406,0.23148488648349994
s4_p5_C-GDP-private-noise_l2_r3,C-GDP-private-noise,5,0.6,4,3,known-common-transform,0.406,0.22995066228673894
s4_p5_C-GDP-private-noise_l3_r0,C-GDP-private-noise,5,0.9,4,0,known-common-transform,0.286,0.34367141072246016
s4_p5_C-GDP-private-noise_l3_r1,C-GDP-private-noise,5,0.9,4,1,known-common-transform,0.27,0.3465302944587303
s4_p5_C-GDP-private-noise_l3_r2,C-GDP-private-noise,5,0.9,4,2,known-common-transform,0.253,0.34628728307522594
s4_p5_C-GDP-private-noise_l3_r3,C-GDP-private-noise,5,0.9,4,3,known-common-transform,0.306,0.34836396013655463
s4_p5_C-GDP-private-noise_l4_r0,C-GDP-private-noise,5,1.2,4,0,known-common-transform,0.224,0.46209211479312257
s4_p5_C-GDP-private-noise_l4_r1,C-GDP-private-noise,5,1.2,4,1,known-common-transform,0.246,0.4605566628487538
s4_p5_C-GDP-private-noise_l4_r2,C-GDP-private-noise,5,1.2,4,2,known-common-transform,0.216,0.46369066485151145
s4_p5_C-GDP-private-noise_l4_r3,C-GDP-private-noise,5,1.2,4,3,known-common-transform,0.185,0.46252726932117755
s4_p5_C-GDP-private-noise_l5_r0,C-GDP-private-noise,5,1.5,4,0,known-common-transform,0.229,0.576476710454509
s4_p5_C-GDP-private-noise_l5_r1,C-GDP-private-noise,5,1.5,4,1,known-common-transform,0.217,0.5751525548096759
s4_p5_C-GDP-private-noise_l5_r2,C-GDP-private-noise,5,1.5,4,2,known-common-transform,0.151,0.5741054876179322
s4_p5_C-GDP-private-noise_l5_r3,C-GDP-private-noise,5,1.5,4,3,known-common-transform,0.182,0.5787054910315954
s4_p5_C-GDP-private-noise_l6_r0,C-GDP-private-noise,5,1.8,4,0,known-common-transform,0.137,0.694482808618989
s4_p5_C-GDP-private-noise_l6_r1,C-GDP-private-noise,5,1.8,4,1,known-common-transform,0.158,0.6918068763270111
s4_p5_C-GDP-private-noise_l6_r2,C-GDP-private-noise,5,1.8,4,2,known-common-transform,0.139,0.6916755663429143
s4_p5_C-GDP-private-noise_l6_r3,C-GDP-private-noise,5,1.8,4,3,known-common-transform,0.161,0.6957798226953466
s4_p5_C-GDP-private-noise_l7_r0,C-GDP-private-noise,5,2.1,4,0,known-common-transform,0.172,0.8050329558578081
s4_p5_C-GDP-private-noise_l7_r1,C-GDP-private-noise,5,2.1,4,1,known-common-transform,0.173,0.8140395365378541
s4_p5_C-GDP-private-noise_l7_r2,C-GDP-private-noise,5,2.1,4,2,known-common-transform,0.151,0.806444046451194
s4_p5_C-GDP-private-noise_l7_r3,C-GDP-private-noise,5,2.1,4,3,known-common-transform,0.175,0.8082278751695268
s4_p5_C-GDP-private-noise_l8_r0,C-GDP-private-noise,5,2.4,4,0,known-common-transform,0.127,0.9238918655433888
s4_p5_C-GDP-private-noise_l8_r1,C-GDP-private-noise,5,2.4,4,1,known-common-transform,0.135,0.9253468436577349
s4_p5_C-GDP-private-noise_l8_r2,C-GDP-private-noise,5,2.4,4,2,known-common-transform,0.142,0.9267962688581509
s4_p5_C-GDP-private-noise_l8_r3,C-GDP-private-noise,5,2.4,4,3,known-common-transform,0.136,0.9229385645940906
s4_p5_C-GDP-private-noise_l9_r0,C-GDP-private-noise,5,2.7,4,0,known-common-transform,0.112,1.0399686286445895
s4_p5_C-GDP-private-noise_l9_r1,C-GDP-private-noise,5,2.7,4,1,known-common-transform,0.143,1.0316998828722808
s4_p5_C-GDP-private-noise_l9_r2,C-GDP-private-noise,5,2.7,4,2,known-common-transform,0.127,1.0323025499100222
s4_p5_C-GDP-private-noise_l9_r3,C-GDP-private-noise,5,2.7,4,3,known-common-transform,0.1,1.0376450977285059
s4_p5_C-GDP_l0_r0,C-GDP,5,0.0,4,0,AM,0.67,4.887181367240447e-13
s4_p5_C-GDP_l0_r0,C-GDP,5,0.0,4,0,MP,0.67,1.178879152211635e-14
s4_p5_C-GDP_l0_r0,C-GDP,5,0.0,4,0,OP,0.67,2.6051154404697773e-13
s4_p5_NAA-GDP_l10_r0,NAA-GDP,5,0.06,4,0,AM,0.106,1.1898763237276777
s4_p5_NAA-GDP_l10_r0,NAA-GDP,5,0.06,4,0,MP,0.106,10.918307065190925
s4_p5_NAA-GDP_l10_r0,NAA-GDP,5,0.06,4,0,OP,0.081,0.8541238382898231
s4_p5_NAA-GDP_l10_r1,NAA-GDP,5,0.06,4,1,AM,0.11,1.2432272940059215
s4_p5_NAA-GDP_l10_r1,NAA-GDP,5,0.06,4,1,MP,0.102,9.411023318342231
s4_p5_NAA-GDP_l10_r1,NAA-GDP,5,0.06,4,1,OP,0.12,0.8754395363299353
s4_p5_NAA-GDP_l10_r2,NAA-GDP,5,0.06,4,2,AM,0.122,1.2484097359003818
s4_p5_NAA-GDP_l10_r2,NAA-GDP,5,0.06,4,2,MP,0.081,23.517480676470694
s4_p5_NAA-GDP_l10_r2,NAA-GDP,5,0.06,4,2,OP,0.133,0.8426587832661389
s4_p5_NAA-GDP_l10_r3,NAA-GDP,5,0.06,4,3,AM,0.103,1.251682279460755
s4_p5_NAA-GDP_l10_r3,NAA-GDP,5,0.06,4,3,MP,0.095,7.569458966961701
s4_p5_NAA-GDP_l10_r3,NAA-GDP,5,0.06,4,3,OP,0.133,0.813357908540615
s4_p5_NAA-GDP_l1_r0,NAA-GDP,5,0.006,4,0,AM,0.565,0.11729501658021171
s4_p5_NAA-GDP_l1_r0,NAA-GDP,5,0.006,4,0,MP,0.523,0.12554853381297937
s4_p5_NAA-GDP_l1_r0,NAA-GDP,5,0.006,4,0,OP,0.586,0.08717999824026562
s4_p5_NAA-GDP_l1_r1,NAA-GDP,5,0.006,4,1,AM,0.564,0.12319374831344099
s4_p5_NAA-GDP_l1_r1,NAA-GDP,5,0.006,4,1,MP,0.569,0.11746775659767444
s4_p5_NAA-GDP_l1_r1,NAA-GDP,5,0.006,4,1,OP,0.631,0.08635990596893392
s4_p5_NAA-GDP_l1_r2,NAA-GDP,5,0.006,4,2,AM,0.507,0.11580789020204207
s4_p5_NAA-GDP_l1_r2,NAA-GDP,5,0.006,4,2,MP,0.5,0.11401849768927982
s4_p5_NAA-GDP_l1_r2,NAA-GDP,5,0.006,4,2,OP,0.571,0.08524613336372727
s4_p5_NAA-GDP_l1_r3,NAA-GDP,5,0.006,4,3,AM,0.53,0.12161989865333359
s4_p5_NAA-GDP_l1_r3,NAA-GDP,5,0.006,4,3,MP,0.573,0.1226310512441205
s4_p5_NAA-GDP_l1_r3,NAA-GDP,5,0.006,4,3,OP,0.575,0.08233721164762972
s4_p5_NAA-GDP_l2_r0,NAA-GDP,5,0.012,4,0,AM,0.42,0.24808555303059715
s4_p5_NAA-GDP_l2_r0,NAA-GDP,5,0.012,4,0,MP,0.441,0.2488869163130046
s4_p5_NAA-GDP_l2_r0,NAA-GDP,5,0.012,4,0,OP,0.542,0.16807640559948214
s4_p5_NAA-GDP_l2_r1,NAA-GDP,5,0.012,4,1,AM,0.355,0.24469319330892458
s4_p5_NAA-GDP_l2_r1,NAA-GDP,5,0.012,4,1,MP,0.367,0.24981254291347943
s4_p5_NAA-GDP_l2_r1,NAA-GDP,5,0.012,4,1,OP,0.504,0.17110122185639778
s4_p5_NAA-GDP_l2_r2,NAA-GDP,5,0.012,4,2,AM,0.392,0.2496982301488518
s4_p5_NAA-GDP_l2_r2,NAA-GDP,5,0.012,4,2,MP,0.374,0.25113433017425324
s4_p5_NAA-GDP_l2_r2,NAA-GDP,5,0.012,4,2,OP,0.462,0.17064432413231911
s4_p5_NAA-GDP_l2_r3,NAA-GDP,5,0.012,4,3,AM,0.389,0.24597331822183843
s4_p5_NAA-GDP_l2_r3,NAA-GDP,5,0.012,4,3,MP,0.368,0.2616457147268557
s4_p5_NAA-GDP_l2_r3,NAA-GDP,5,0.012,4,3,OP,0.46,0.17141389170734195
s4_p5_NAA-GDP_l3_r0,NAA-GDP,5,0.018,4,0,AM,0.29,0.369745391852287
s4_p5_NAA-GDP_l3_r0,NAA-GDP,5,0.018,4,0,MP,0.203,0.38974061364768414
s4_p5_NAA-GDP_l3_r0,NAA-GDP,5,0.018,4,0,OP,0.35,0.24865770276578117
s4_p5_NAA-GDP_l3_r1,NAA-GDP,5,0.018,4,1,AM,0.266,0.37133461453913297
s4_p5_NAA-GDP_l3_r1,NAA-GDP,5,0.018,4,1,MP,0.308,0.389298401316583
s4_p5_NAA-GDP_l3_r1,NAA-GDP,5,0.018,4,1,OP,0.396,0.2537305410409257
s4_p5_NAA-GDP_l3_r2,NAA-GDP,5,0.018,4,2,AM,0.254,0.3684696796293546
s4_p5_NAA-GDP_l3_r2,NAA-GDP,5,0.018,4,2,MP,0.277,0.39156149268509605
s4_p5_NAA-GDP_l3_r2,NAA-GDP,5,0.018,4,2,OP,0.379,0.2485446636420491
s4_p5_NAA-GDP_l3_r3,NAA-GDP,5,0.018,4,3,AM,0.275,0.3768759825914614
s4_p5_NAA-GDP_l3_r3,NAA-GDP,5,0.018,4,3,MP,0.302,0.38463096945356684
s4_p5_NAA-GDP_l3_r3,NAA-GDP,5,0.018,4,3,OP,0.356,0.26099684985569843
s4_p5_NAA-GDP_l4_r0,NAA-GDP,5,0.024,4,0,AM,0.208,0.5151635968229138
s4_p5_NAA-GDP_l4_r0,NAA-GDP,5,0.024,4,0,MP,0.231,0.5559311512499696
s4_p5_NAA-GDP_l4_r0,NAA-GDP,5,0.024,4,0,OP,0.311,0.34051344005410583
s4_p5_NAA-GDP_l4_r1,NAA-GDP,5,0.024,4,1,AM,0.159,0.5002795086060202
s4_p5_NAA-GDP_l4_r1,NAA-GDP,5,0.024,4,1,MP,0.198,0.5164862644460345
s4_p5_NAA-GDP_l4_r1,NAA-GDP,5,0.024,4,1,OP,0.27,0.3320986791193608
s4_p5_NAA-GDP_l4_r2,NAA-GDP,5,0.024,4,2,AM,0.185,0.5147868086503635
s4_p5_NAA-GDP_l4_r2,NAA-GDP,5,0.024,4,2,MP,0.177,0.5672901110467736
s4_p5_NAA-GDP_l4_r2,NAA-GDP,5,0.024,4,2,OP,0.272,0.3416559240432983
s4_p5_NAA-GDP_l4_r3,NAA-GDP,5,0.024,4,3,AM,0.148,0.5082248373271114
s4_p5_NAA-GDP_l4_r3,NAA-GDP,5,0.024,4,3,MP,0.173,0.4998278023064453
s4_p5_NAA-GDP_l4_r3,NAA-GDP,5,0.024,4,3,OP,0.3,0.33284141138339085
s4_p5_NAA-GDP_l5_r0,NAA-GDP,5,0.03,4,0,AM,0.17,0.6257977127418154
s4_p5_NAA-GDP_l5_r0,NAA-GDP,5,0.03,4,0,MP,0.137,0.7189673306139247
s4_p5_NAA-GDP_l5_r0,NAA-GDP,5,0.03,4,0,OP,0.241,0.40764214649236713
s4_p5_NAA-GDP_l5_r1,NAA-GDP,5,0.03,4,1,AM,0.129,0.6363956007374253
s4_p5_NAA-GDP_l5_r1,NAA-GDP,5,0.03,4,1,MP,0.126,0.7363666463573757
s4_p5_NAA-GDP_l5_r1,NAA-GDP,5,0.03,4,1,OP,0.202,0.42816388324254145
s4_p5_NAA-GDP_l5_r2,NAA-GDP,5,0.03,4,2,AM,0.178,0.6650219952115776
s4_p5_NAA-GDP_l5_r2,NAA-GDP,5,0.03,4,2,MP,0.156,0.7065437920193398
s4_p5_NAA-GDP_l5_r2,NAA-GDP,5,0.03,4,2,OP,0.305,0.40754171482908724
s4_p5_NAA-GDP_l5_r3,NAA-GDP,5,0.03,4,3,AM,0.163,0.6547140812434561
s4_p5_NAA-GDP_l5_r3,NAA-GDP,5,0.03,4,3,MP,0.14,0.7292661657366717
s4_p5_NAA-GDP_l5_r3,NAA-GDP,5,0.03,4,3,OP,0.218,0.41571531075814727
s4_p5_NAA-GDP_l6_r0,NAA-GDP,5,0.036,4,0,AM,0.123,0.8654688237317747
s4_p5_NAA-GDP_l6_r0,NAA-GDP,5,0.036,4,0,MP,0.138,1.1560355778989162
s4_p5_NAA-GDP_l6_r0,NAA-GDP,5,0.036,4,0,OP,0.175,0.5295210254669694
s4_p5_NAA-GDP_l6_r1,NAA-GDP,5,0.036,4,1,AM,0.134,0.8183833173367403
s4_p5_NAA-GDP_l6_r1,NAA-GDP,5,0.036,4,1,MP,0.138,0.9554243545600273
s4_p5_NAA-GDP_l6_r1,NAA-GDP,5,0.036,4,1,OP,0.209,0.47965917535033903
s4_p5_NAA-GDP_l6_r2,NAA-GDP,5,0.036,4,2,AM,0.142,0.8078224474583103
s4_p5_NAA-GDP_l6_r2,NAA-GDP,5,0.036,4,2,MP,0.12,1.0497931256252788
s4_p5_NAA-GDP_l6_r2,NAA-GDP,5,0.036,4,2,OP,0.111,0.5101516354473519
s4_p5_NAA-GDP_l6_r3,NAA-GDP,5,0.036,4,3,AM,0.12,0.8889894385582802
s4_p5_NAA-GDP_l6_r3,NAA-GDP,5,0.036,4,3,MP,0.146,1.0578180860536912
s4_p5_NAA-GDP_l6_r3,NAA-GDP,5,0.036,4,3,OP,0.188,0.528444643244502
s4_p5_NAA-GDP_l7_r0,NAA-GDP,5,0.042,4,0,AM,0.126,1.0146442385924515
s4_p5_NAA-GDP_l7_r0,NAA-GDP,5,0.042,4,0,MP,0.084,1.810583168603462
s4_p5_NAA-GDP_l7_r0,NAA-GDP,5,0.042,4,0,OP,0.146,0.6293384826117673
s4_p5_NAA-GDP_l7_r1,NAA-GDP,5,0.042,4,1,AM,0.11,1.0129716626621552
s4_p5_NAA-GDP_l7_r1,NAA-GDP,5,0.042,4,1,MP,0.129,1.7423853238990488
s4_p5_NAA-GDP_l7_r1,NAA-GDP,5,0.042,4,1,OP,0.212,0.5961568537099753
s4_p5_NAA-GDP_l7_r2,NAA-GDP,5,0.042,4,2,AM,0.108,1.0353333898068515
s4_p5_NAA-GDP_l7_r2,NAA-GDP,5,0.042,4,2,MP,0.138,1.5906029888370854
s4_p5_NAA-GDP_l7_r2,NAA-GDP,5,0.042,4,2,OP,0.193,0.6080562236889543
s4_p5_NAA-GDP_l7_r3,NAA-GDP,5,0.042,4,3,AM,0.128,1.0497512540984464
s4_p5_NAA-GDP_l7_r3,NAA-GDP,5,0.042,4,3,MP,0.082,1.8184370224781636
s4_p5_NAA-GDP_l7_r3,NAA-GDP,5,0.042,4,3,OP,0.164,0.5893370976485276
s4_p5_NAA-GDP_l8_r0,NAA-GDP,5,0.048,4,0,AM,0.145,1.0931839593018196
s4_p5_NAA-GDP_l8_r0,NAA-GDP,5,0.048,4,0,MP,0.09,18.602357143326344
s4_p5_NAA-GDP_l8_r0,NAA-GDP,5,0.048,4,0,OP,0.187,0.6493811958333325
s4_p5_NAA-GDP_l8_r1,NAA-GDP,5,0.048,4,1,AM,0.103,1.1255912485529782
s4_p5_NAA-GDP_l8_r1,NAA-GDP,5,0.048,4,1,MP,0.102,39.61457679257571
s4_p5_NAA-GDP_l8_r1,NAA-GDP,5,0.048,4,1,OP,0.132,0.6791668783604334
s4_p5_NAA-GDP_l8_r2,NAA-GDP,5,0.048,4,2,AM,0.107,1.0972659885333018
s4_p5_NAA-GDP_l8_r2,NAA-GDP,5,0.048,4,2,MP,0.103,3.510700318600485
s4_p5_NAA-GDP_l8_r2,NAA-GDP,5,0.048,4,2,OP,0.151,0.6666976476053951
s4_p5_NAA-GDP_l8_r3,NAA-GDP,5,0.048,4,3,AM,0.112,1.104715026711351
s4_p5_NAA-GDP_l8_r3,NAA-GDP,5,0.048,4,3,MP,0.124,3.2793149558152592
s4_p5_NAA-GDP_l8_r3,NAA-GDP,5,0.048,4,3,OP,0.184,0.6625868716627177
s4_p5_NAA-GDP_l9_r0,NAA-GDP,5,0.054,4,0,AM,0.126,1.1913536503470532
s4_p5_NAA-GDP_l9_r0,NAA-GDP,5,0.054,4,0,MP,0.069,7.72123185269426
s4_p5_NAA-GDP_l9_r0,NAA-GDP,5,0.054,4,0,OP,0.118,0.7430604960144368
s4_p5_NAA-GDP_l9_r1,NAA-GDP,5,0.054,4,1,AM,0.106,1.1567718073306537
s4_p5_NAA-GDP_l9_r1,NAA-GDP,5,0.054,4,1,MP,0.11,16.195628582994736
s4_p5_NAA-GDP_l9_r1,NAA-GDP,5,0.054,4,1,OP,0.136,0.7694143253218284
s4_p5_NAA-GDP_l9_r2,NAA-GDP,5,0.054,4,2,AM,0.102,1.1706458424596948
s4_p5_NAA-GDP_l9_r2,NAA-GDP,5,0.054,4,2,MP,0.103,21.358880506095527
s4_p5_NAA-GDP_l9_r2,NAA-GDP,5,0.054,4,2,OP,0.139,0.7539456831787144
s4_p5_NAA-GDP_l9_r3,NAA-GDP,5,0.054,4,3,AM,0.126,1.170851764587767
s4_p5_NAA-GDP_l9_r3,NAA-GDP,5,0.054,4,3,MP,0.127,15.75679876778239
s4_p5_NAA-GDP_l9_r3,NAA-GDP,5,0.054,4,3,OP,0.107,0.7272417873501202
