method,participant_count,noise_scale,attack,linkage_rate_mean,linkage_rate_std,linkage_rate_count,projected_recovery_relative_error_mean,projected_recovery_relative_error_std,projected_recovery_relative_error_count,final
AA-GDP,5,0.0,AM,0.6542,0.01925357109733157,5,4.910226683214219e-13,6.986981467594586e-15,5,True
AA-GDP,5,0.0,MP,0.6542,0.01925357109733157,5,1.0866884321918443e-14,6.606874161282737e-16,5,True
AA-GDP,5,0.0,OP,0.6542,0.01925357109733157,5,2.602447112479765e-13,8.383545891315443e-15,5,True
C-GDP,5,0.0,AM,0.6542,0.01925357109733157,5,4.910226683214219e-13,6.986981467594586e-15,5,True
C-GDP,5,0.0,MP,0.6542,0.01925357109733157,5,1.0866884321918443e-14,6.606874161282737e-16,5,True
C-GDP,5,0.0,OP,0.6542,0.01925357109733157,5,2.602447112479765e-13,8.383545891315443e-15,5,True
C-GDP-private-noise,5,0.3,known-common-transform,0.5215500000000001,0.018090398005571932,5,0.11478951424428316,0.003014038012360849,5,True
C-GDP-private-noise,5,0.6,known-common-transform,0.34665,0.042207671103722366,5,0.22976715766460823,0.006208038949468473,5,True
C-GDP-private-noise,5,0.9,known-common-transform,0.27565,0.015391353091914941,5,0.3444769865703272,0.009034721410440483,5,True
C-GDP-private-noise,5,1.2,known-common-transform,0.1945,0.019974984355438173,5,0.45984506471476294,0.012068405109913393,5,True
C-GDP-private-noise,5,1.5,known-common-transform,0.17029999999999998,0.015663851697459354,5,0.5743597547000018,0.014873559965626428,5,True
C-GDP-private-noise,5,1.8,known-common-transform,0.15615,0.01695545634891612,5,0.6892904626531553,0.018605164809889666,5,True
C-GDP-private-noise,5,2.1,known-common-transform,0.15209999999999999,0.01580802802376058,5,0.8040531781156055,0.020571602562053457,5,True
C-GDP-private-noise,5,2.4,known-common-transform,0.13585,0.015074398827150616,5,0.9182953936739879,0.02441057475184445,5,True
C-GDP-private-noise,5,2.7,known-common-transform,0.12855,0.005633049795625815,5,1.032483617735807,0.028076609836288204,5,True
C-GDP-private-noise,5,3.0,known-common-transform,0.1226,0.008486386156662917,5,1.1496587728604797,0.029406353014165578,5,True
NAA-GDP,5,0.006,AM,0.5196500000000001,0.016798995505684235,5,0.11996301196540766,0.0012039627627986002,5,True
NAA-GDP,5,0.006,MP,0.51745,0.013992631989729415,5,0.12091258879090475,0.0017889495810227511,5,True
NAA-GDP,5,0.006,OP,0.5668,0.017090201871247747,5,0.08510282303007974,0.0010613659778993677,5,True
NAA-GDP,5,0.012,AM,0.34815,0.02681802099335446,5,0.2432165700293995,0.0029889906013540898,5,True
NAA-GDP,5,0.012,MP,0.35660000000000003,0.031055695934884508,5,0.24788985699963023,0.004740883367630558,5,True
NAA-GDP,5,0.012,OP,0.44925,0.0254361946839538,5,0.16913850820716475,0.0023115537269455047,5,True
NAA-GDP,5,0.018,AM,0.22225,0.034667618176044336,5,0.3721718037215818,0.003338243602379009,5,True
NAA-GDP,5,0.018,MP,0.2543,0.018691074072936534,5,0.3873459469531292,0.007309773742990417,5,True
NAA-GDP,5,0.018,OP,0.32055,0.030782198589444504,5,0.25527228948474096,0.003979866232103948,5,True
NAA-GDP,5,0.024,AM,0.1766,0.014114044423906277,5,0.5074109584876523,0.012438829951271319,5,True
NAA-GDP,5,0.024,MP,0.1875,0.008299096336348925,5,0.5360361535571037,0.007852661824044692,5,True
NAA-GDP,5,0.024,OP,0.26739999999999997,0.018446374982635474,5,0.3386285192611746,0.0054899621381039486,5,True
NAA-GDP,5,0.03,AM,0.1597,0.018467369872290952,5,0.6544053420608463,0.00594326958010396,5,True
NAA-GDP,5,0.03,MP,0.14635,0.021128032326745417,5,0.7501442857338514,0.018143466072368792,5,True
NAA-GDP,5,0.03,OP,0.21885,0.035837131581643075,5,0.42478086151299344,0.009426390865550211,5,True
NAA-GDP,5,0.036,AM,0.12115000000000001,0.01731202616680093,5,0.8330013270611772,0.0151368497859257,5,True
NAA-GDP,5,0.036,MP,0.13695,0.01784954481212336,5,1.0508407659469685,0.03838903881519499,5,True
NAA-GDP,5,0.036,OP,0.18414999999999998,0.016057124586924026,5,0.5050084732374668,0.009226808892639726,5,True
NAA-GDP,5,0.042,AM,0.12135,0.008997569116155756,5,0.9962948963498155,0.022070875275384042,5,True
NAA-GDP,5,0.042,MP,0.12015,0.008416130345948784,5,1.5956044562747518,0.09478962103541036,5,True
NAA-GDP,5,0.042,OP,0.1696,0.012683158124063579,5,0.5892338799495361,0.010863938999479883,5,True
NAA-GDP,5,0.048,AM,0.10600000000000001,0.0073908727495472365,5,1.1061043355908002,0.01095375998480307,5,True
NAA-GDP,5,0.048,MP,0.10215,0.002897196921163627,5,11.035757338569374,5.080792874631293,5,True
NAA-GDP,5,0.048,OP,0.1437,0.011538522435736744,5,0.6766291374495826,0.010596066246594663,5,True
NAA-GDP,5,0.054,AM,0.10880000000000001,0.008653756409791068,5,1.1734943808776586,0.0065705627227177505,5,True
NAA-GDP,5,0.054,MP,0.10075,0.002256933760658473,5,19.997161635380678,10.75555607514868,5,True
NAA-GDP,5,0.054,OP,0.12304999999999999,0.008180388132601048,5,0.7582149653964123,0.015802826646426713,5,True
NAA-GDP,5,0.06,AM,0.10629999999999999,0.005342635117617522,5,1.2319893641670436,0.004685736270113363,5,True
NAA-GDP,5,0.06,MP,0.10245,0.004388906469725688,5,27.530484791161683,31.26497906258719,5,True
NAA-GDP,5,0.06,OP,0.1278,0.013458733224193126,5,0.8345405739582132,0.011708277643489726,5,True
