method,participant_count,noise_scale,outer_seed,balanced_accuracy,linkage_rate,fit_seconds,alignment_seconds,completed_realizations,required_realizations,seed_cell_complete
AA-GDP,5,0.0,0,0.7139001349527665,0.645,0.6930952870000056,0.0,1,1,True
AA-GDP,5,0.0,1,0.6994536446314646,0.634,0.7865150689999609,0.0,1,1,True
AA-GDP,5,0.0,2,0.707892882311487,0.679,0.545979594999153,0.0,1,1,True
AA-GDP,5,0.0,3,0.6676105315449578,0.643,0.943099901000096,0.0,1,1,True
AA-GDP,5,0.0,4,0.7122507122507122,0.67,1.2416024550002476,0.0,1,1,True
C-GDP,5,0.0,0,0.7139001349527665,0.645,0.6816536139999698,0.0,1,1,True
C-GDP,5,0.0,1,0.6994536446314646,0.634,0.7967932290002864,0.0,1,1,True
C-GDP,5,0.0,2,0.707892882311487,0.679,0.5281889890002276,0.0,1,1,True
C-GDP,5,0.0,3,0.685444610034774,0.643,0.8455351689999588,0.0,1,1,True
C-GDP,5,0.0,4,0.7393162393162394,0.67,1.3262799770000129,0.0,1,1,True
C-GDP-private-noise,5,0.3,0,0.6828609986504723,0.499,0.7414263720000918,0.0,4,4,True
C-GDP-private-noise,5,0.3,1,0.6704985068548934,0.52675,0.9175710524998522,0.0,4,4,True
C-GDP-private-noise,5,0.3,2,0.6926708949964764,0.516,0.8062735727501149,0.0,4,4,True
C-GDP-private-noise,5,0.3,3,0.6745218579234973,0.5175000000000001,0.7906479107500672,0.0,4,4,True
C-GDP-private-noise,5,0.3,4,0.6965099715099715,0.5485,0.9504305985005885,0.0,4,4,True
C-GDP-private-noise,5,0.6,0,0.6867830634278003,0.3295,0.48658468400003585,0.0,4,4,True
C-GDP-private-noise,5,0.6,1,0.6194134315189358,0.351,0.8071254869998938,0.0,4,4,True
C-GDP-private-noise,5,0.6,2,0.6372269203664552,0.35,0.6731815542500499,0.0,4,4,True
C-GDP-private-noise,5,0.6,3,0.6252980625931446,0.29325,0.7089244610001515,0.0,4,4,True
C-GDP-private-noise,5,0.6,4,0.636039886039886,0.40950000000000003,0.6956257972501589,0.0,4,4,True
C-GDP-private-noise,5,0.9,0,0.6228070175438596,0.2885,0.40239332149985785,0.0,4,4,True
C-GDP-private-noise,5,0.9,1,0.5952982896701506,0.28725,0.7238698045000547,0.0,4,4,True
C-GDP-private-noise,5,0.9,2,0.6102889358703312,0.27325,0.6746150610001678,0.0,4,4,True
C-GDP-private-noise,5,0.9,3,0.5979508196721312,0.2505,0.6064683620002143,0.0,4,4,True
C-GDP-private-noise,5,0.9,4,0.618091168091168,0.27875,0.6519957302498369,0.0,4,4,True
C-GDP-private-noise,5,1.2,0,0.6352901484480431,0.20625,0.4318221332500798,0.0,4,4,True
C-GDP-private-noise,5,1.2,1,0.5923925953576761,0.18775,0.6397584584999549,0.0,4,4,True
C-GDP-private-noise,5,1.2,2,0.5793516560958422,0.19575,0.5175834170001963,0.0,4,4,True
C-GDP-private-noise,5,1.2,3,0.5482426726279186,0.165,0.57144368975014,0.0,4,4,True
C-GDP-private-noise,5,1.2,4,0.6044871794871796,0.21775,0.8443191892497452,0.0,4,4,True
C-GDP-private-noise,5,1.5,0,0.5983890013495277,0.16249999999999998,0.34881373774999247,0.0,4,4,True
C-GDP-private-noise,5,1.5,1,0.5512759603637845,0.1745,0.5453672055000425,0.0,4,4,True
C-GDP-private-noise,5,1.5,2,0.5465292459478506,0.1665,0.5456219639997926,0.0,4,4,True
C-GDP-private-noise,5,1.5,3,0.5564952806756085,0.15325,0.5246146437498282,0.0,4,4,True
C-GDP-private-noise,5,1.5,4,0.5692307692307692,0.19475,0.4668471282493556,0.0,4,4,True
C-GDP-private-noise,5,1.8,0,0.595310391363023,0.1625,0.35204942325015054,0.0,4,4,True
C-GDP-private-noise,5,1.8,1,0.5400137437220035,0.139,0.5261255162502039,0.0,4,4,True
C-GDP-private-noise,5,1.8,2,0.5508985200845666,0.1825,0.5671668117499848,0.0,4,4,True
C-GDP-private-noise,5,1.8,3,0.5376676602086438,0.148,0.5763472205003382,0.0,4,4,True
C-GDP-private-noise,5,1.8,4,0.5468660968660969,0.14875,0.6142935782504537,0.0,4,4,True
C-GDP-private-noise,5,2.1,0,0.5949308367071525,0.1375,0.37089601849993414,0.0,4,4,True
C-GDP-private-noise,5,2.1,1,0.5505124202524773,0.13375,0.5772371005000423,0.0,4,4,True
C-GDP-private-noise,5,2.1,2,0.5268851303735025,0.16599999999999998,0.5327984922498672,0.0,4,4,True
C-GDP-private-noise,5,2.1,3,0.5485034773969201,0.1555,0.5451611519997641,0.0,4,4,True
C-GDP-private-noise,5,2.1,4,0.5495726495726496,0.16774999999999998,0.46917595249988153,0.0,4,4,True
C-GDP-private-noise,5,2.4,0,0.5678981106612686,0.15,0.4116282722499136,0.0,4,4,True
C-GDP-private-noise,5,2.4,1,0.5334812338808199,0.113,0.4841094925000107,0.0,4,4,True
C-GDP-private-noise,5,2.4,2,0.5325933756166314,0.149,0.5489889407501778,0.0,4,4,True
C-GDP-private-noise,5,2.4,3,0.5376055638350721,0.13225,0.38141600024982836,0.0,4,4,True
C-GDP-private-noise,5,2.4,4,0.5877492877492877,0.135,0.4844243917505082,0.0,4,4,True
C-GDP-private-noise,5,2.7,0,0.5449983130904184,0.12625,0.419759797000097,0.0,4,4,True
C-GDP-private-noise,5,2.7,1,0.5313857404642324,0.12875,0.4633192267497179,0.0,4,4,True
C-GDP-private-noise,5,2.7,2,0.5476215644820296,0.132,0.6077189612499296,0.0,4,4,True
C-GDP-private-noise,5,2.7,3,0.5310481867858917,0.13525,0.3687420972496511,0.0,4,4,True
C-GDP-private-noise,5,2.7,4,0.555982905982906,0.1205,0.39785128724906826,0.0,4,4,True
C-GDP-private-noise,5,3.0,0,0.5337381916329285,0.12375,0.34705908750004255,0.0,4,4,True
C-GDP-private-noise,5,3.0,1,0.5197714469933488,0.11475,0.5413214714999413,0.0,4,4,True
C-GDP-private-noise,5,3.0,2,0.5121035940803382,0.1305,0.3979498937499102,0.0,4,4,True
C-GDP-private-noise,5,3.0,3,0.5286140089418778,0.113,0.36867119250064206,0.0,4,4,True
C-GDP-private-noise,5,3.0,4,0.5276353276353276,0.131,0.6461599560002469,0.0,4,4,True
I-GDP,5,0.0,0,0.5600539811066128,,0.6383692889999111,0.0,1,1,True
I-GDP,5,0.0,1,0.5345120130310845,,0.7837071600001764,0.0,1,1,True
I-GDP,5,0.0,2,0.5277660324171952,,0.3401815130000614,0.0,1,1,True
I-GDP,5,0.0,3,0.5730004967709886,,0.5538771779993112,0.0,1,1,True
I-GDP,5,0.0,4,0.5584045584045584,,0.5476909459994204,0.0,1,1,True
Local-only,5,0.0,0,0.5399797570850202,,0.9318849620000265,0.0,1,1,True
Local-only,5,0.0,1,0.5544997963893037,,0.8357765739997376,0.0,1,1,True
Local-only,5,0.0,2,0.5610993657505285,,0.9567688150009417,0.0,1,1,True
Local-only,5,0.0,3,0.5856681569796324,,1.0548421730009068,0.0,1,1,True
Local-only,5,0.0,4,0.5495726495726496,,0.9746368910000456,0.0,1,1,True
NAA-GDP,5,0.006,0,0.6946271929824561,0.5445,0.8347748335000063,1.575531623250015,4,4,True
NAA-GDP,5,0.006,1,0.6581885435048187,0.57075,1.2014364859999205,1.514181653499918,4,4,True
NAA-GDP,5,0.006,2,0.6688336856941508,0.56975,0.8486772327501058,1.5290698725000311,4,4,True
NAA-GDP,5,0.006,3,0.678446348733234,0.55825,0.863182633499946,1.5281046235002123,4,4,True
NAA-GDP,5,0.006,4,0.6893162393162393,0.59075,0.9166610647498601,1.515383317749638,4,4,True
NAA-GDP,5,0.012,0,0.6956815114709851,0.438,0.631339335749999,2.039196895250001,4,4,True
NAA-GDP,5,0.012,1,0.6426929211347903,0.435,0.9475058472498858,2.0407437212498962,4,4,True
NAA-GDP,5,0.012,2,0.6714235377026074,0.4525,1.075701019500002,2.0440229339999405,4,4,True
NAA-GDP,5,0.012,3,0.6664244908097368,0.42874999999999996,0.8561531397499493,2.028774693249943,4,4,True
NAA-GDP,5,0.012,4,0.6775641025641026,0.492,0.7452255134999177,2.0359116215008726,4,4,True
NAA-GDP,5,0.018,0,0.6877952091767882,0.32475,0.6298139054999865,2.9539156479999917,4,4,True
NAA-GDP,5,0.018,1,0.6265949504547306,0.3175,0.9868809570000394,2.9657452424999065,4,4,True
NAA-GDP,5,0.018,2,0.6559196617336152,0.29475,0.9177361135002684,2.958347858749903,4,4,True
NAA-GDP,5,0.018,3,0.6644187779433681,0.2955,1.0096687152497452,2.9614645162503166,4,4,True
NAA-GDP,5,0.018,4,0.685968660968661,0.37024999999999997,0.89266891600073,2.961871397750656,4,4,True
NAA-GDP,5,0.024,0,0.6841261808367072,0.268,0.6384254419999991,4.617630312750009,4,4,True
NAA-GDP,5,0.024,1,0.6078754920591829,0.24,0.9441891987502231,4.628925488749928,4,4,True
NAA-GDP,5,0.024,2,0.6079105003523608,0.27925,0.7997985022500416,4.615830337249918,4,4,True
NAA-GDP,5,0.024,3,0.6536885245901639,0.2615,0.8437294000000293,4.6210355182499825,4,4,True
NAA-GDP,5,0.024,4,0.6621794871794872,0.28825,0.8837168800000654,4.632795570000326,4,4,True
NAA-GDP,5,0.03,0,0.6598346828609987,0.2475,0.5176619314999584,10.507181026500035,4,4,True
NAA-GDP,5,0.03,1,0.6098734220171034,0.24,0.9496136922498408,10.20783311175012,4,4,True
NAA-GDP,5,0.03,2,0.6105884425651867,0.20174999999999998,0.8466883005003183,10.362905910000109,4,4,True
NAA-GDP,5,0.03,3,0.6451751117734724,0.1635,0.8834183472501991,10.552126913750044,4,4,True
NAA-GDP,5,0.03,4,0.6287037037037038,0.2415,0.996823529249923,10.491972456250096,4,4,True
NAA-GDP,5,0.036,0,0.6497553981106613,0.18275,0.42981078175000675,93.93245668675002,4,4,True
NAA-GDP,5,0.036,1,0.6102764015202932,0.20975,0.7899537575001432,93.8964236567499,4,4,True
NAA-GDP,5,0.036,2,0.5969344608879492,0.187,0.8144016122500943,93.86775657600015,4,4,True
NAA-GDP,5,0.036,3,0.6411636860407353,0.17049999999999998,0.9449973774997034,94.01014339350036,4,4,True
NAA-GDP,5,0.036,4,0.6307692307692307,0.17075,1.017959226250241,93.823120388,4,4,True
NAA-GDP,5,0.042,0,0.6041244939271255,0.15075,0.44925475999991704,93.87537552674996,4,4,True
NAA-GDP,5,0.042,1,0.5752935387539025,0.183,0.7696547689999989,93.88591245849989,4,4,True
NAA-GDP,5,0.042,2,0.5770436927413671,0.17075,0.7916259119997449,93.90704004849977,4,4,True
NAA-GDP,5,0.042,3,0.6321659215101838,0.16475,0.8509764642501523,93.8119951525,4,4,True
NAA-GDP,5,0.042,4,0.5810541310541311,0.17875,0.9446916120004971,93.95700313875022,4,4,True
NAA-GDP,5,0.048,0,0.6224696356275304,0.13675,0.44553811324999515,94.07582939600002,4,4,True
NAA-GDP,5,0.048,1,0.55630259942989,0.13474999999999998,0.7762157307498683,94.08133846550027,4,4,True
NAA-GDP,5,0.048,2,0.5579985905567302,0.14325,0.7424075462499786,94.0268046934998,4,4,True
NAA-GDP,5,0.048,3,0.6251676602086438,0.14024999999999999,0.6795279315001608,94.1457212892501,4,4,True
NAA-GDP,5,0.048,4,0.5878205128205128,0.1635,0.8645229152502907,94.15745748449945,4,4,True
NAA-GDP,5,0.054,0,0.6089321862348178,0.13275,0.47435501849997763,94.14174928274997,4,4,True
NAA-GDP,5,0.054,1,0.5648372811185014,0.11975,0.6911247227501462,94.17912751500035,4,4,True
NAA-GDP,5,0.054,2,0.5357822410147992,0.12675,0.608812016000229,94.10999751775012,4,4,True
NAA-GDP,5,0.054,3,0.6040983606557377,0.111,0.7439997877499991,94.18234232675013,4,4,True
NAA-GDP,5,0.054,4,0.5873219373219374,0.125,1.1696941387499464,94.23258334949969,4,4,True
NAA-GDP,5,0.06,0,0.6115468960863698,0.12775,0.5572121577498592,94.16097477624999,4,4,True
NAA-GDP,5,0.06,1,0.5807740599972852,0.12625,0.962208590749924,94.28391457200019,4,4,True
NAA-GDP,5,0.06,2,0.5411205073995772,0.15025,0.7253419882499657,94.27502952499981,4,4,True
NAA-GDP,5,0.06,3,0.6027632886239443,0.118,0.7817334472506445,94.20543649949968,4,4,True
NAA-GDP,5,0.06,4,0.5715811965811965,0.11675,0.8166371552506462,94.12063840500059,4,4,True
